points,opponent.points,opponent.team_id,home,last_ten_w_prc,w_prc,games_played,opponent.points0,opponent.points1,opponent.points2,opponent.points3,opponent.points4,opponent.min0,opponent.min1,opponent.min2,opponent.min3,opponent.min4,opponent.fgm0,opponent.fgm1,opponent.fgm2,opponent.fgm3,opponent.fgm4,opponent.fga0,opponent.fga1,opponent.fga2,opponent.fga3,opponent.fga4,opponent.fgp0,opponent.fgp1,opponent.fgp2,opponent.fgp3,opponent.fgp4,opponent.ftm0,opponent.ftm1,opponent.ftm2,opponent.ftm3,opponent.ftm4,opponent.fta0,opponent.fta1,opponent.fta2,opponent.fta3,opponent.fta4,opponent.ftp0,opponent.ftp1,opponent.ftp2,opponent.ftp3,opponent.ftp4,opponent.tpm0,opponent.tpm1,opponent.tpm2,opponent.tpm3,opponent.tpm4,opponent.tpa0,opponent.tpa1,opponent.tpa2,opponent.tpa3,opponent.tpa4,opponent.tpp0,opponent.tpp1,opponent.tpp2,opponent.tpp3,opponent.tpp4,opponent.offReb0,opponent.offReb1,opponent.offReb2,opponent.offReb3,opponent.offReb4,opponent.defReb0,opponent.defReb1,opponent.defReb2,opponent.defReb3,opponent.defReb4,opponent.totReb0,opponent.totReb1,opponent.totReb2,opponent.totReb3,opponent.totReb4,opponent.assists0,opponent.assists1,opponent.assists2,opponent.assists3,opponent.assists4,opponent.pFouls0,opponent.pFouls1,opponent.pFouls2,opponent.pFouls3,opponent.pFouls4,opponent.steals0,opponent.steals1,opponent.steals2,opponent.steals3,opponent.steals4,opponent.turnovers0,opponent.turnovers1,opponent.turnovers2,opponent.turnovers3,opponent.turnovers4,opponent.blocks0,opponent.blocks1,opponent.blocks2,opponent.blocks3,opponent.blocks4,opponent.plusMinus0,opponent.plusMinus1,opponent.plusMinus2,opponent.plusMinus3,opponent.plusMinus4,points0,points1,points2,points3,points4,min0,min1,min2,min3,min4,fgm0,fgm1,fgm2,fgm3,fgm4,fga0,fga1,fga2,fga3,fga4,fgp0,fgp1,fgp2,fgp3,fgp4,ftm0,ftm1,ftm2,ftm3,ftm4,fta0,fta1,fta2,fta3,fta4,ftp0,ftp1,ftp2,ftp3,ftp4,tpm0,tpm1,tpm2,tpm3,tpm4,tpa0,tpa1,tpa2,tpa3,tpa4,tpp0,tpp1,tpp2,tpp3,tpp4,offReb0,offReb1,offReb2,offReb3,offReb4,defReb0,defReb1,defReb2,defReb3,defReb4,totReb0,totReb1,totReb2,totReb3,totReb4,assists0,assists1,assists2,assists3,assists4,pFouls0,pFouls1,pFouls2,pFouls3,pFouls4,steals0,steals1,steals2,steals3,steals4,turnovers0,turnovers1,turnovers2,turnovers3,turnovers4,blocks0,blocks1,blocks2,blocks3,blocks4,plusMinus0,plusMinus1,plusMinus2,plusMinus3,plusMinus4
114.0,107.0,2,1,1.0,1.0,1,7.0,3.0,15.0,1.0,11.0,14.0,4.0,26.0,10.0,27.0,3.0,1.0,5.0,0.0,5.0,5.0,4.0,9.0,3.0,12.0,60.0,25.0,55.6,0.0,41.7,1.0,0.0,2.0,1.0,0.0,3.0,0.0,2.0,2.0,0.0,33.3,0.0,100.0,50.0,0.0,0.0,1.0,3.0,0.0,1.0,0.0,3.0,7.0,0.0,5.0,0.0,33.3,42.9,0.0,20.0,4.0,0.0,1.0,2.0,3.0,0.0,1.0,2.0,2.0,5.0,4.0,1.0,3.0,4.0,8.0,0.0,0.0,1.0,1.0,1.0,5.0,0.0,4.0,4.0,4.0,0.0,0.0,0.0,0.0,1.0,1.0,1.0,0.0,0.0,2.0,1.0,0.0,0.0,0.0,0.0,9.0,5.0,4.0,2.0,1.0,12.0,6.0,10.0,11.0,10.0,16.0,22.0,23.0,13.0,6.0,1.0,2.0,5.0,3.0,4.0,6.0,6.0,6.0,4.0,5.0,16.7,33.3,83.3,75.0,80.0,9.0,0.0,0.0,4.0,1.0,9.0,0.0,3.0,4.0,2.0,100.0,0.0,0.0,100.0,50.0,1.0,2.0,0.0,1.0,1.0,5.0,5.0,0.0,2.0,1.0,20.0,40.0,0.0,50.0,100.0,0.0,0.0,4.0,1.0,0.0,2.0,3.0,3.0,3.0,0.0,2.0,3.0,7.0,4.0,0.0,2.0,4.0,0.0,0.0,1.0,0.0,0.0,0.0,0.0,0.0,0.0,1.0,2.0,0.0,0.0,0.0,3.0,0.0,1.0,0.0,0.0,0.0,3.0,0.0,0.0,17.0,14.0,11.0,10.0,7.0
112.0,121.0,22,1,0.5,0.5,2,12.0,6.0,8.0,22.0,7.0,20.0,22.0,9.0,19.0,19.0,5.0,3.0,3.0,8.0,3.0,8.0,3.0,5.0,12.0,6.0,62.5,100.0,60.0,66.7,50.0,0.0,0.0,0.0,1.0,0.0,0.0,0.0,0.0,2.0,0.0,0.0,0.0,0.0,50.0,0.0,2.0,0.0,2.0,5.0,1.0,4.0,0.0,4.0,8.0,4.0,50.0,0.0,50.0,62.5,25.0,0.0,0.0,1.0,1.0,2.0,2.0,3.0,1.0,0.0,0.0,2.0,3.0,2.0,1.0,2.0,6.0,8.0,2.0,1.0,3.0,2.0,1.0,0.0,3.0,0.0,0.0,0.0,2.0,1.0,0.0,1.0,1.0,0.0,2.0,1.0,0.0,0.0,0.0,1.0,0.0,31.0,27.0,14.0,9.0,7.0,9.0,7.0,8.0,0.0,0.0,14.0,23.0,21.0,3.0,3.0,1.0,2.0,4.0,0.0,0.0,5.0,8.0,4.0,0.0,0.0,20.0,25.0,100.0,0.0,0.0,7.0,1.0,0.0,0.0,0.0,7.0,4.0,0.0,0.0,0.0,100.0,25.0,0.0,0.0,0.0,0.0,2.0,0.0,0.0,0.0,0.0,5.0,0.0,0.0,0.0,0.0,40.0,0.0,0.0,0.0,0.0,0.0,3.0,1.0,0.0,2.0,8.0,4.0,0.0,0.0,2.0,8.0,7.0,1.0,0.0,4.0,4.0,0.0,1.0,0.0,0.0,2.0,4.0,0.0,0.0,1.0,0.0,0.0,0.0,0.0,0.0,2.0,1.0,0.0,0.0,0.0,0.0,1.0,0.0,0.0,15.0,11.0,5.0,5.0,5.0
110.0,123.0,2,0,0.3333333333333333,0.3333333333333333,3,8.0,20.0,11.0,15.0,28.0,23.0,28.0,22.0,22.0,30.0,3.0,8.0,4.0,4.0,9.0,7.0,13.0,13.0,9.0,15.0,42.9,61.5,30.8,44.4,60.0,0.0,0.0,0.0,4.0,5.0,0.0,0.0,0.0,4.0,5.0,0.0,0.0,0.0,100.0,100.0,2.0,4.0,3.0,3.0,5.0,4.0,8.0,10.0,7.0,8.0,50.0,50.0,30.0,42.9,62.5,2.0,2.0,0.0,2.0,1.0,1.0,6.0,1.0,0.0,7.0,3.0,8.0,1.0,2.0,8.0,3.0,0.0,4.0,2.0,4.0,2.0,0.0,1.0,1.0,3.0,1.0,1.0,0.0,1.0,3.0,0.0,2.0,0.0,0.0,2.0,1.0,2.0,0.0,0.0,1.0,17.0,14.0,14.0,10.0,9.0,22.0,12.0,15.0,2.0,0.0,26.0,21.0,25.0,32.0,2.0,7.0,5.0,3.0,1.0,0.0,13.0,6.0,12.0,2.0,0.0,53.8,83.3,25.0,50.0,0.0,1.0,2.0,6.0,0.0,0.0,2.0,4.0,6.0,0.0,0.0,50.0,50.0,100.0,0.0,0.0,7.0,0.0,3.0,0.0,0.0,12.0,0.0,10.0,0.0,0.0,58.3,0.0,30.0,0.0,0.0,0.0,4.0,0.0,2.0,0.0,2.0,3.0,3.0,8.0,0.0,2.0,7.0,3.0,10.0,0.0,3.0,1.0,3.0,3.0,0.0,0.0,0.0,3.0,1.0,0.0,1.0,3.0,1.0,1.0,0.0,0.0,0.0,6.0,2.0,0.0,0.0,0.0,0.0,3.0,0.0,6.0,2.0,-1.0,-2.0,-3.0
106.0,131.0,41,1,0.25,0.25,4,8.0,13.0,2.0,20.0,7.0,21.0,16.0,12.0,25.0,18.0,3.0,6.0,1.0,7.0,3.0,6.0,8.0,5.0,10.0,6.0,50.0,75.0,20.0,70.0,50.0,0.0,0.0,0.0,1.0,0.0,0.0,0.0,0.0,1.0,0.0,0.0,0.0,0.0,100.0,0.0,2.0,1.0,0.0,5.0,1.0,5.0,3.0,3.0,7.0,3.0,40.0,33.3,0.0,71.4,33.3,0.0,1.0,0.0,1.0,0.0,1.0,3.0,1.0,7.0,2.0,1.0,4.0,1.0,8.0,2.0,2.0,1.0,0.0,0.0,2.0,0.0,4.0,2.0,1.0,2.0,2.0,0.0,0.0,0.0,0.0,0.0,0.0,1.0,1.0,2.0,0.0,0.0,1.0,0.0,1.0,24.0,23.0,13.0,12.0,10.0,5.0,12.0,12.0,3.0,0.0,17.0,24.0,25.0,3.0,4.0,1.0,6.0,3.0,1.0,0.0,4.0,9.0,12.0,1.0,2.0,25.0,66.7,25.0,100.0,0.0,2.0,0.0,5.0,0.0,0.0,3.0,2.0,6.0,0.0,0.0,66.7,0.0,83.3,0.0,0.0,1.0,0.0,1.0,1.0,0.0,4.0,0.0,5.0,1.0,2.0,25.0,0.0,20.0,100.0,0.0,0.0,6.0,2.0,0.0,0.0,0.0,5.0,4.0,1.0,0.0,0.0,11.0,6.0,1.0,0.0,1.0,0.0,5.0,0.0,1.0,3.0,0.0,2.0,0.0,0.0,0.0,2.0,0.0,0.0,0.0,0.0,0.0,5.0,0.0,0.0,0.0,0.0,0.0,0.0,0.0,4.0,2.0,0.0,-2.0,-5.0
104.0,108.0,2,1,0.2,0.2,5,30.0,11.0,12.0,0.0,9.0,38.0,38.0,32.0,14.0,35.0,8.0,4.0,4.0,0.0,4.0,15.0,11.0,6.0,4.0,10.0,53.3,36.4,66.7,0.0,40.0,9.0,3.0,3.0,0.0,0.0,10.0,4.0,4.0,0.0,0.0,90.0,75.0,75.0,0.0,0.0,5.0,0.0,1.0,0.0,1.0,9.0,4.0,3.0,4.0,5.0,55.6,0.0,33.3,0.0,20.0,1.0,0.0,0.0,0.0,2.0,7.0,6.0,6.0,2.0,2.0,8.0,6.0,6.0,2.0,4.0,0.0,5.0,2.0,0.0,2.0,4.0,5.0,3.0,1.0,3.0,0.0,1.0,2.0,1.0,0.0,1.0,2.0,1.0,0.0,2.0,4.0,0.0,1.0,1.0,3.0,13.0,8.0,7.0,5.0,3.0,24.0,0.0,2.0,11.0,7.0,36.0,15.0,22.0,23.0,22.0,8.0,0.0,1.0,4.0,2.0,20.0,4.0,4.0,7.0,4.0,40.0,0.0,25.0,57.1,50.0,6.0,0.0,0.0,0.0,1.0,7.0,0.0,2.0,1.0,2.0,85.7,0.0,0.0,0.0,50.0,2.0,0.0,0.0,3.0,2.0,5.0,3.0,0.0,6.0,4.0,40.0,0.0,0.0,50.0,50.0,1.0,0.0,3.0,0.0,1.0,2.0,3.0,3.0,1.0,5.0,3.0,3.0,6.0,1.0,6.0,2.0,2.0,1.0,0.0,0.0,0.0,1.0,4.0,2.0,1.0,1.0,0.0,2.0,0.0,0.0,2.0,0.0,1.0,0.0,1.0,0.0,0.0,0.0,0.0,0.0,6.0,5.0,1.0,-1.0,-1.0
126.0,120.0,1,0,0.3333333333333333,0.3333333333333333,6,6.0,16.0,27.0,11.0,6.0,20.0,26.0,32.0,30.0,8.0,1.0,6.0,8.0,5.0,2.0,2.0,11.0,13.0,8.0,4.0,50.0,54.5,61.5,62.5,50.0,4.0,0.0,8.0,1.0,0.0,4.0,0.0,8.0,3.0,0.0,100.0,0.0,100.0,33.3,0.0,0.0,4.0,3.0,0.0,2.0,0.0,9.0,7.0,2.0,4.0,0.0,44.4,42.9,0.0,50.0,0.0,0.0,0.0,0.0,0.0,2.0,1.0,6.0,9.0,2.0,2.0,1.0,6.0,9.0,2.0,1.0,3.0,1.0,2.0,0.0,4.0,3.0,3.0,2.0,0.0,2.0,1.0,0.0,1.0,0.0,0.0,2.0,0.0,3.0,0.0,1.0,0.0,1.0,1.0,0.0,2.0,0.0,-1.0,-1.0,-4.0,31.0,7.0,6.0,17.0,26.0,33.0,38.0,25.0,34.0,34.0,11.0,2.0,2.0,4.0,9.0,21.0,6.0,6.0,10.0,15.0,52.4,33.3,33.3,40.0,60.0,1.0,3.0,0.0,6.0,5.0,2.0,4.0,0.0,8.0,6.0,50.0,75.0,0.0,75.0,83.3,8.0,0.0,2.0,3.0,3.0,12.0,0.0,5.0,7.0,5.0,66.7,0.0,40.0,42.9,60.0,0.0,6.0,1.0,2.0,1.0,3.0,7.0,0.0,10.0,2.0,3.0,13.0,1.0,12.0,3.0,5.0,1.0,1.0,9.0,6.0,1.0,1.0,3.0,3.0,2.0,0.0,4.0,0.0,0.0,1.0,1.0,1.0,1.0,3.0,3.0,0.0,4.0,0.0,0.0,0.0,13.0,11.0,8.0,7.0,6.0
87.0,96.0,23,0,0.2857142857142857,0.2857142857142857,7,12.0,24.0,2.0,3.0,0.0,30.0,28.0,22.0,26.0,16.0,4.0,12.0,1.0,1.0,0.0,11.0,17.0,7.0,8.0,1.0,36.4,70.6,14.3,12.5,0.0,2.0,0.0,0.0,0.0,0.0,4.0,2.0,4.0,0.0,0.0,50.0,0.0,0.0,0.0,0.0,2.0,0.0,0.0,1.0,0.0,7.0,0.0,3.0,8.0,0.0,28.6,0.0,0.0,12.5,0.0,0.0,1.0,0.0,0.0,1.0,3.0,4.0,4.0,3.0,5.0,3.0,5.0,4.0,3.0,6.0,7.0,2.0,3.0,3.0,0.0,2.0,0.0,2.0,3.0,2.0,4.0,1.0,1.0,1.0,0.0,1.0,0.0,1.0,0.0,0.0,0.0,0.0,0.0,1.0,1.0,18.0,11.0,11.0,8.0,7.0,0.0,2.0,3.0,5.0,5.0,5.0,5.0,3.0,3.0,27.0,0.0,1.0,1.0,2.0,2.0,0.0,3.0,1.0,2.0,9.0,0.0,33.3,100.0,100.0,22.2,0.0,0.0,0.0,0.0,0.0,0.0,0.0,0.0,0.0,0.0,0.0,0.0,0.0,0.0,0.0,0.0,0.0,1.0,1.0,1.0,0.0,2.0,1.0,1.0,6.0,0.0,0.0,100.0,100.0,16.7,0.0,0.0,0.0,0.0,0.0,3.0,1.0,0.0,1.0,2.0,3.0,1.0,0.0,1.0,2.0,0.0,1.0,1.0,0.0,1.0,0.0,0.0,1.0,0.0,1.0,0.0,1.0,0.0,0.0,2.0,0.0,0.0,0.0,0.0,0.0,0.0,0.0,0.0,0.0,0.0,10.0,10.0,10.0,10.0,-1.0
109.0,91.0,7,0,0.375,0.375,8,2.0,4.0,6.0,0.0,0.0,5.0,19.0,14.0,1.0,16.0,1.0,1.0,2.0,0.0,0.0,1.0,1.0,4.0,0.0,5.0,100.0,100.0,50.0,0.0,0.0,0.0,2.0,0.0,0.0,0.0,0.0,2.0,0.0,0.0,0.0,0.0,100.0,0.0,0.0,0.0,0.0,0.0,2.0,0.0,0.0,0.0,0.0,4.0,0.0,4.0,0.0,0.0,50.0,0.0,0.0,0.0,1.0,0.0,0.0,2.0,1.0,1.0,1.0,1.0,1.0,1.0,2.0,1.0,1.0,3.0,0.0,1.0,2.0,0.0,1.0,0.0,2.0,0.0,1.0,3.0,0.0,0.0,1.0,0.0,0.0,0.0,2.0,1.0,0.0,1.0,0.0,2.0,0.0,0.0,0.0,2.0,-1.0,-2.0,-3.0,-5.0,19.0,19.0,16.0,13.0,3.0,34.0,31.0,25.0,23.0,15.0,7.0,5.0,5.0,5.0,1.0,16.0,14.0,13.0,10.0,3.0,43.8,35.7,38.5,50.0,33.3,4.0,7.0,3.0,3.0,0.0,5.0,10.0,4.0,3.0,0.0,80.0,70.0,75.0,100.0,0.0,1.0,2.0,3.0,0.0,1.0,3.0,5.0,5.0,2.0,3.0,33.3,40.0,60.0,0.0,33.3,0.0,3.0,1.0,4.0,0.0,5.0,7.0,2.0,3.0,2.0,5.0,10.0,3.0,7.0,2.0,2.0,2.0,0.0,1.0,6.0,1.0,1.0,2.0,3.0,3.0,2.0,1.0,0.0,2.0,1.0,5.0,1.0,1.0,1.0,1.0,0.0,0.0,0.0,1.0,0.0,21.0,18.0,14.0,12.0,9.0
89.0,95.0,7,1,0.3333333333333333,0.3333333333333333,9,19.0,14.0,5.0,30.0,9.0,31.0,35.0,28.0,37.0,35.0,6.0,6.0,1.0,9.0,3.0,14.0,12.0,6.0,22.0,9.0,42.9,50.0,16.7,40.9,33.3,4.0,2.0,2.0,6.0,3.0,4.0,3.0,2.0,6.0,3.0,100.0,66.7,100.0,100.0,100.0,3.0,0.0,1.0,6.0,0.0,4.0,0.0,3.0,15.0,5.0,75.0,0.0,33.3,40.0,0.0,0.0,2.0,0.0,1.0,0.0,6.0,6.0,10.0,5.0,4.0,6.0,8.0,10.0,6.0,4.0,5.0,5.0,2.0,4.0,4.0,3.0,2.0,4.0,5.0,3.0,1.0,2.0,1.0,1.0,0.0,3.0,2.0,0.0,5.0,5.0,0.0,2.0,0.0,1.0,2.0,10.0,8.0,7.0,3.0,3.0,16.0,3.0,6.0,18.0,6.0,30.0,9.0,32.0,28.0,35.0,5.0,1.0,1.0,7.0,3.0,10.0,2.0,3.0,16.0,15.0,50.0,50.0,33.3,43.8,20.0,3.0,1.0,4.0,4.0,0.0,5.0,2.0,8.0,6.0,0.0,60.0,50.0,50.0,66.7,0.0,3.0,0.0,0.0,0.0,0.0,7.0,1.0,0.0,3.0,6.0,42.9,0.0,0.0,0.0,0.0,0.0,0.0,8.0,2.0,0.0,2.0,0.0,8.0,4.0,6.0,2.0,0.0,16.0,6.0,6.0,0.0,0.0,0.0,4.0,4.0,3.0,1.0,3.0,0.0,2.0,2.0,2.0,0.0,1.0,1.0,3.0,0.0,1.0,0.0,3.0,1.0,0.0,2.0,0.0,0.0,1.0,0.0,-1.0,-1.0,-4.0
105.0,110.0,21,0,0.2,0.3,10,22.0,0.0,13.0,14.0,0.0,36.0,22.0,13.0,24.0,12.0,6.0,0.0,5.0,5.0,0.0,10.0,2.0,7.0,8.0,1.0,60.0,0.0,71.4,62.5,0.0,7.0,0.0,0.0,0.0,0.0,13.0,0.0,1.0,0.0,0.0,53.8,0.0,0.0,0.0,0.0,3.0,0.0,3.0,4.0,0.0,3.0,1.0,5.0,6.0,0.0,100.0,0.0,60.0,66.7,0.0,1.0,0.0,1.0,0.0,0.0,7.0,3.0,1.0,6.0,0.0,8.0,3.0,2.0,6.0,0.0,6.0,3.0,2.0,2.0,1.0,3.0,2.0,2.0,1.0,2.0,0.0,0.0,0.0,1.0,0.0,7.0,0.0,0.0,0.0,1.0,1.0,0.0,0.0,0.0,0.0,13.0,6.0,5.0,3.0,3.0,17.0,45.0,6.0,4.0,14.0,34.0,42.0,36.0,18.0,22.0,6.0,17.0,2.0,2.0,5.0,11.0,30.0,9.0,3.0,10.0,54.5,56.7,22.2,66.7,50.0,0.0,9.0,2.0,0.0,3.0,0.0,11.0,2.0,0.0,3.0,0.0,81.8,100.0,0.0,100.0,5.0,2.0,0.0,0.0,1.0,10.0,8.0,4.0,0.0,3.0,50.0,25.0,0.0,0.0,33.3,0.0,2.0,2.0,1.0,0.0,4.0,3.0,8.0,2.0,3.0,4.0,5.0,10.0,3.0,3.0,2.0,4.0,5.0,0.0,1.0,3.0,3.0,4.0,3.0,1.0,0.0,1.0,3.0,0.0,0.0,1.0,4.0,0.0,2.0,1.0,0.0,0.0,1.0,0.0,0.0,3.0,2.0,1.0,-1.0,-1.0
111.0,97.0,16,1,0.3,0.36363636363636365,11,2.0,0.0,0.0,4.0,5.0,11.0,4.0,4.0,6.0,22.0,1.0,0.0,0.0,1.0,2.0,1.0,0.0,1.0,1.0,9.0,100.0,0.0,0.0,100.0,22.2,0.0,0.0,0.0,2.0,0.0,0.0,0.0,0.0,2.0,0.0,0.0,0.0,0.0,100.0,0.0,0.0,0.0,0.0,0.0,1.0,0.0,0.0,1.0,0.0,4.0,0.0,0.0,0.0,0.0,25.0,0.0,0.0,0.0,0.0,0.0,2.0,0.0,0.0,0.0,1.0,2.0,0.0,0.0,0.0,1.0,1.0,0.0,0.0,0.0,4.0,0.0,0.0,0.0,0.0,2.0,1.0,0.0,0.0,0.0,1.0,1.0,0.0,0.0,0.0,3.0,0.0,0.0,0.0,0.0,0.0,10.0,2.0,2.0,-2.0,-5.0,7.0,26.0,10.0,12.0,6.0,20.0,31.0,32.0,16.0,13.0,3.0,9.0,4.0,4.0,3.0,5.0,16.0,9.0,6.0,5.0,60.0,56.3,44.4,66.7,60.0,0.0,6.0,1.0,1.0,0.0,0.0,6.0,1.0,2.0,0.0,0.0,100.0,100.0,50.0,0.0,1.0,2.0,1.0,3.0,0.0,3.0,4.0,4.0,5.0,0.0,33.3,50.0,25.0,60.0,0.0,0.0,1.0,0.0,2.0,2.0,1.0,5.0,3.0,4.0,1.0,1.0,6.0,3.0,6.0,3.0,5.0,4.0,7.0,1.0,2.0,0.0,1.0,2.0,1.0,2.0,0.0,0.0,2.0,1.0,2.0,0.0,5.0,2.0,1.0,0.0,0.0,0.0,0.0,1.0,0.0,22.0,13.0,13.0,13.0,10.0
126.0,105.0,31,1,0.4,0.4166666666666667,12,0.0,0.0,2.0,4.0,12.0,3.0,3.0,3.0,3.0,25.0,0.0,0.0,1.0,2.0,6.0,1.0,2.0,1.0,3.0,11.0,0.0,0.0,100.0,66.7,54.5,0.0,0.0,0.0,0.0,0.0,0.0,0.0,2.0,0.0,1.0,0.0,0.0,0.0,0.0,0.0,0.0,0.0,0.0,0.0,0.0,1.0,2.0,0.0,0.0,2.0,0.0,0.0,0.0,0.0,0.0,1.0,0.0,0.0,1.0,0.0,0.0,0.0,1.0,1.0,1.0,1.0,0.0,1.0,2.0,1.0,0.0,0.0,0.0,1.0,5.0,1.0,0.0,0.0,0.0,0.0,0.0,0.0,0.0,0.0,1.0,0.0,0.0,0.0,0.0,0.0,0.0,0.0,0.0,0.0,1.0,0.0,0.0,0.0,0.0,-2.0,23.0,8.0,25.0,24.0,8.0,31.0,31.0,33.0,32.0,19.0,8.0,3.0,8.0,8.0,3.0,19.0,4.0,19.0,17.0,5.0,42.1,75.0,42.1,47.1,60.0,5.0,2.0,4.0,3.0,0.0,8.0,6.0,4.0,3.0,0.0,62.5,33.3,100.0,100.0,0.0,2.0,0.0,5.0,5.0,2.0,6.0,0.0,8.0,9.0,4.0,33.3,0.0,62.5,55.6,50.0,4.0,5.0,0.0,0.0,0.0,12.0,7.0,2.0,2.0,1.0,16.0,12.0,2.0,2.0,1.0,5.0,1.0,6.0,6.0,3.0,1.0,3.0,2.0,2.0,0.0,1.0,0.0,0.0,1.0,0.0,2.0,0.0,0.0,0.0,0.0,0.0,0.0,0.0,0.0,0.0,31.0,30.0,27.0,26.0,26.0
129.0,107.0,5,1,0.5,0.46153846153846156,13,5.0,2.0,3.0,11.0,6.0,6.0,3.0,8.0,10.0,23.0,2.0,1.0,1.0,5.0,2.0,2.0,3.0,6.0,6.0,6.0,100.0,33.3,16.7,83.3,33.3,0.0,0.0,0.0,0.0,0.0,0.0,0.0,0.0,1.0,2.0,0.0,0.0,0.0,0.0,0.0,1.0,0.0,1.0,1.0,2.0,1.0,0.0,4.0,2.0,5.0,100.0,0.0,25.0,50.0,40.0,0.0,2.0,0.0,1.0,2.0,2.0,0.0,0.0,2.0,2.0,2.0,2.0,0.0,3.0,4.0,0.0,0.0,2.0,0.0,0.0,1.0,0.0,0.0,0.0,4.0,0.0,0.0,0.0,0.0,0.0,0.0,0.0,0.0,0.0,1.0,1.0,0.0,0.0,0.0,1.0,13.0,7.0,6.0,4.0,1.0,24.0,6.0,17.0,6.0,9.0,31.0,18.0,26.0,27.0,23.0,9.0,2.0,5.0,3.0,3.0,16.0,3.0,9.0,6.0,8.0,56.3,66.7,55.6,50.0,37.5,2.0,2.0,3.0,0.0,2.0,3.0,4.0,3.0,0.0,3.0,66.7,50.0,100.0,0.0,66.7,4.0,0.0,4.0,0.0,1.0,6.0,0.0,6.0,2.0,6.0,66.7,0.0,66.7,0.0,16.7,0.0,2.0,0.0,1.0,1.0,4.0,4.0,5.0,3.0,0.0,4.0,6.0,5.0,4.0,1.0,2.0,1.0,9.0,2.0,2.0,1.0,6.0,1.0,1.0,2.0,1.0,1.0,0.0,0.0,0.0,1.0,2.0,1.0,0.0,1.0,1.0,2.0,0.0,0.0,1.0,26.0,24.0,22.0,16.0,16.0
98.0,114.0,2,0,0.5,0.42857142857142855,14,21.0,22.0,3.0,35.0,12.0,33.0,36.0,31.0,39.0,21.0,7.0,7.0,1.0,13.0,4.0,11.0,18.0,7.0,23.0,6.0,63.6,38.9,14.3,56.5,66.7,4.0,6.0,0.0,4.0,0.0,4.0,6.0,0.0,5.0,0.0,100.0,100.0,0.0,80.0,0.0,3.0,2.0,1.0,5.0,4.0,6.0,9.0,3.0,12.0,6.0,50.0,22.2,33.3,41.7,66.7,1.0,1.0,1.0,1.0,0.0,5.0,4.0,1.0,5.0,4.0,6.0,5.0,2.0,6.0,4.0,3.0,6.0,4.0,7.0,2.0,5.0,3.0,2.0,5.0,0.0,0.0,1.0,1.0,1.0,0.0,1.0,3.0,1.0,3.0,0.0,1.0,1.0,1.0,0.0,0.0,19.0,17.0,14.0,12.0,6.0,0.0,0.0,3.0,5.0,25.0,1.0,1.0,15.0,16.0,38.0,0.0,0.0,1.0,2.0,7.0,1.0,0.0,2.0,6.0,19.0,0.0,0.0,50.0,33.3,36.8,0.0,0.0,0.0,0.0,9.0,0.0,0.0,0.0,0.0,11.0,0.0,0.0,0.0,0.0,81.8,0.0,0.0,1.0,1.0,2.0,1.0,0.0,1.0,4.0,8.0,0.0,0.0,100.0,25.0,25.0,0.0,0.0,3.0,1.0,3.0,0.0,0.0,0.0,0.0,6.0,0.0,0.0,3.0,1.0,9.0,0.0,0.0,1.0,1.0,5.0,0.0,0.0,0.0,1.0,4.0,0.0,0.0,1.0,0.0,0.0,0.0,0.0,0.0,0.0,3.0,0.0,0.0,0.0,0.0,0.0,1.0,0.0,-2.0,-3.0,-10.0
116.0,114.0,1,0,0.5,0.4666666666666667,15,16.0,8.0,28.0,3.0,15.0,28.0,22.0,29.0,10.0,34.0,7.0,2.0,8.0,1.0,4.0,10.0,4.0,15.0,1.0,12.0,70.0,50.0,53.3,100.0,33.3,0.0,4.0,8.0,0.0,7.0,0.0,4.0,8.0,0.0,9.0,0.0,100.0,100.0,0.0,77.8,2.0,0.0,4.0,1.0,0.0,5.0,0.0,11.0,1.0,4.0,40.0,0.0,36.4,100.0,0.0,1.0,2.0,1.0,1.0,0.0,1.0,4.0,2.0,2.0,1.0,2.0,6.0,3.0,3.0,1.0,2.0,1.0,3.0,1.0,17.0,3.0,4.0,4.0,2.0,0.0,2.0,1.0,2.0,1.0,2.0,2.0,4.0,1.0,0.0,3.0,0.0,1.0,1.0,0.0,0.0,20.0,18.0,11.0,2.0,1.0,29.0,6.0,24.0,9.0,11.0,39.0,31.0,41.0,33.0,29.0,12.0,3.0,8.0,4.0,4.0,24.0,3.0,19.0,10.0,10.0,50.0,100.0,42.1,40.0,40.0,2.0,0.0,2.0,0.0,0.0,2.0,0.0,2.0,0.0,0.0,100.0,0.0,100.0,0.0,0.0,3.0,0.0,6.0,1.0,3.0,5.0,0.0,10.0,4.0,8.0,60.0,0.0,60.0,25.0,37.5,2.0,6.0,0.0,2.0,0.0,8.0,9.0,0.0,6.0,1.0,10.0,15.0,0.0,8.0,1.0,8.0,0.0,8.0,5.0,1.0,4.0,0.0,2.0,4.0,3.0,1.0,3.0,0.0,0.0,1.0,1.0,1.0,3.0,2.0,3.0,0.0,1.0,0.0,1.0,0.0,12.0,8.0,8.0,7.0,2.0
120.0,99.0,41,0,0.6,0.5,16,8.0,2.0,5.0,0.0,0.0,26.0,2.0,2.0,2.0,2.0,3.0,0.0,2.0,0.0,0.0,5.0,0.0,2.0,0.0,0.0,60.0,0.0,100.0,0.0,0.0,1.0,2.0,0.0,0.0,0.0,1.0,2.0,0.0,0.0,0.0,100.0,100.0,0.0,0.0,0.0,1.0,0.0,1.0,0.0,0.0,3.0,0.0,1.0,0.0,0.0,33.3,0.0,100.0,0.0,0.0,2.0,0.0,0.0,0.0,0.0,1.0,1.0,0.0,0.0,0.0,3.0,1.0,0.0,0.0,0.0,1.0,1.0,0.0,0.0,0.0,1.0,0.0,0.0,0.0,0.0,1.0,0.0,0.0,0.0,0.0,0.0,0.0,0.0,0.0,0.0,0.0,0.0,0.0,0.0,0.0,1.0,-1.0,-1.0,-1.0,-1.0,9.0,32.0,6.0,22.0,27.0,32.0,34.0,27.0,35.0,33.0,4.0,10.0,3.0,9.0,10.0,7.0,23.0,4.0,18.0,18.0,57.1,43.5,75.0,50.0,55.6,0.0,6.0,0.0,3.0,4.0,0.0,6.0,1.0,6.0,5.0,0.0,100.0,0.0,50.0,80.0,1.0,6.0,0.0,1.0,3.0,2.0,10.0,0.0,5.0,7.0,50.0,60.0,0.0,20.0,42.9,1.0,3.0,3.0,1.0,0.0,4.0,4.0,5.0,6.0,6.0,5.0,7.0,8.0,7.0,6.0,2.0,7.0,1.0,8.0,4.0,1.0,2.0,1.0,3.0,5.0,0.0,0.0,0.0,1.0,1.0,1.0,0.0,0.0,6.0,1.0,2.0,0.0,1.0,2.0,0.0,27.0,18.0,16.0,15.0,11.0
122.0,108.0,5,0,0.6,0.5294117647058824,17,0.0,19.0,7.0,7.0,29.0,16.0,32.0,17.0,30.0,34.0,0.0,8.0,3.0,3.0,10.0,2.0,12.0,6.0,5.0,15.0,0.0,66.7,50.0,60.0,66.7,0.0,2.0,0.0,1.0,4.0,0.0,3.0,0.0,2.0,4.0,0.0,66.7,0.0,50.0,100.0,0.0,1.0,1.0,0.0,5.0,1.0,1.0,2.0,0.0,7.0,0.0,100.0,50.0,0.0,71.4,1.0,0.0,0.0,2.0,0.0,1.0,4.0,3.0,6.0,3.0,2.0,4.0,3.0,8.0,3.0,1.0,3.0,4.0,4.0,2.0,2.0,2.0,1.0,3.0,3.0,0.0,1.0,0.0,0.0,0.0,0.0,1.0,0.0,1.0,2.0,0.0,1.0,0.0,1.0,0.0,4.0,2.0,0.0,-1.0,-7.0,15.0,32.0,25.0,21.0,4.0,26.0,39.0,28.0,38.0,33.0,5.0,12.0,9.0,8.0,2.0,15.0,21.0,12.0,17.0,5.0,33.3,57.1,75.0,47.1,40.0,4.0,4.0,0.0,3.0,0.0,5.0,4.0,0.0,7.0,0.0,80.0,100.0,0.0,42.9,0.0,1.0,4.0,7.0,2.0,0.0,5.0,8.0,10.0,5.0,0.0,20.0,50.0,70.0,40.0,0.0,0.0,0.0,0.0,0.0,11.0,3.0,4.0,3.0,6.0,3.0,3.0,4.0,3.0,6.0,14.0,3.0,7.0,3.0,8.0,1.0,0.0,2.0,1.0,4.0,0.0,1.0,0.0,3.0,0.0,0.0,1.0,2.0,0.0,4.0,3.0,0.0,0.0,1.0,0.0,3.0,16.0,15.0,11.0,9.0,9.0
100.0,117.0,22,0,0.6,0.5,18,11.0,16.0,11.0,20.0,23.0,28.0,26.0,33.0,36.0,39.0,3.0,7.0,4.0,6.0,9.0,9.0,7.0,8.0,10.0,21.0,33.3,100.0,50.0,60.0,42.9,2.0,2.0,0.0,6.0,4.0,2.0,7.0,0.0,7.0,4.0,100.0,28.6,0.0,85.7,100.0,3.0,0.0,3.0,2.0,1.0,8.0,0.0,6.0,3.0,6.0,37.5,0.0,50.0,66.7,16.7,0.0,3.0,1.0,0.0,2.0,1.0,4.0,2.0,5.0,8.0,1.0,7.0,3.0,5.0,10.0,5.0,1.0,3.0,4.0,5.0,3.0,2.0,2.0,6.0,1.0,0.0,0.0,0.0,3.0,2.0,0.0,1.0,0.0,3.0,3.0,1.0,2.0,0.0,2.0,0.0,20.0,16.0,15.0,14.0,9.0,7.0,2.0,0.0,0.0,0.0,26.0,3.0,3.0,3.0,3.0,2.0,1.0,0.0,0.0,0.0,8.0,1.0,0.0,3.0,0.0,25.0,100.0,0.0,0.0,0.0,2.0,0.0,0.0,0.0,0.0,2.0,0.0,0.0,2.0,0.0,100.0,0.0,0.0,0.0,0.0,1.0,0.0,0.0,0.0,0.0,6.0,0.0,0.0,1.0,0.0,16.7,0.0,0.0,0.0,0.0,2.0,0.0,0.0,0.0,0.0,1.0,1.0,0.0,1.0,1.0,3.0,1.0,0.0,1.0,1.0,5.0,0.0,0.0,0.0,0.0,3.0,0.0,0.0,0.0,0.0,1.0,0.0,0.0,0.0,0.0,0.0,0.0,0.0,0.0,0.0,0.0,0.0,0.0,0.0,0.0,3.0,0.0,0.0,0.0,0.0
100.0,98.0,20,1,0.7,0.5263157894736842,19,5.0,23.0,10.0,21.0,7.0,24.0,37.0,33.0,35.0,18.0,1.0,7.0,4.0,8.0,2.0,6.0,14.0,9.0,16.0,7.0,16.7,50.0,44.4,50.0,28.6,2.0,6.0,0.0,5.0,2.0,2.0,6.0,0.0,6.0,2.0,100.0,100.0,0.0,83.3,100.0,1.0,3.0,2.0,0.0,1.0,5.0,5.0,5.0,1.0,6.0,20.0,60.0,40.0,0.0,16.7,0.0,0.0,3.0,2.0,1.0,3.0,2.0,5.0,10.0,5.0,3.0,2.0,8.0,12.0,6.0,3.0,3.0,2.0,2.0,1.0,1.0,1.0,3.0,4.0,1.0,2.0,1.0,2.0,2.0,0.0,2.0,2.0,1.0,2.0,2.0,0.0,0.0,0.0,0.0,0.0,10.0,7.0,3.0,0.0,-1.0,20.0,2.0,18.0,5.0,10.0,26.0,28.0,34.0,16.0,26.0,8.0,1.0,7.0,1.0,4.0,17.0,3.0,14.0,4.0,7.0,47.1,33.3,50.0,25.0,57.1,0.0,0.0,3.0,2.0,1.0,0.0,0.0,3.0,3.0,1.0,0.0,0.0,100.0,66.7,100.0,4.0,0.0,1.0,1.0,1.0,8.0,0.0,5.0,2.0,3.0,50.0,0.0,20.0,50.0,33.3,0.0,1.0,0.0,1.0,1.0,4.0,4.0,7.0,3.0,7.0,4.0,5.0,7.0,4.0,8.0,2.0,1.0,1.0,1.0,4.0,1.0,3.0,2.0,1.0,1.0,0.0,2.0,0.0,1.0,1.0,2.0,1.0,3.0,3.0,1.0,1.0,1.0,0.0,0.0,0.0,22.0,18.0,9.0,7.0,5.0
113.0,116.0,28,1,0.6,0.5,20,28.0,14.0,7.0,8.0,3.0,38.0,29.0,15.0,13.0,15.0,10.0,6.0,2.0,3.0,1.0,25.0,10.0,4.0,3.0,2.0,40.0,60.0,50.0,100.0,50.0,7.0,0.0,1.0,0.0,1.0,8.0,0.0,2.0,0.0,2.0,87.5,0.0,50.0,0.0,50.0,1.0,2.0,2.0,2.0,0.0,4.0,3.0,4.0,2.0,0.0,25.0,66.7,50.0,100.0,0.0,2.0,3.0,0.0,2.0,4.0,3.0,4.0,0.0,2.0,2.0,5.0,7.0,0.0,4.0,6.0,11.0,5.0,0.0,0.0,1.0,3.0,2.0,1.0,3.0,4.0,0.0,1.0,0.0,0.0,0.0,2.0,0.0,0.0,0.0,2.0,2.0,1.0,0.0,0.0,0.0,15.0,7.0,5.0,3.0,2.0,35.0,18.0,4.0,3.0,6.0,38.0,29.0,24.0,34.0,14.0,15.0,4.0,1.0,1.0,2.0,25.0,10.0,3.0,2.0,6.0,60.0,40.0,33.3,50.0,33.3,0.0,7.0,2.0,1.0,0.0,2.0,8.0,2.0,4.0,0.0,0.0,87.5,100.0,25.0,0.0,5.0,3.0,0.0,0.0,2.0,10.0,5.0,2.0,0.0,3.0,50.0,60.0,0.0,0.0,66.7,0.0,0.0,0.0,5.0,0.0,6.0,2.0,3.0,6.0,1.0,6.0,2.0,3.0,11.0,1.0,8.0,1.0,2.0,1.0,0.0,5.0,1.0,0.0,2.0,1.0,3.0,1.0,0.0,1.0,2.0,2.0,0.0,0.0,1.0,0.0,1.0,1.0,0.0,1.0,0.0,5.0,5.0,1.0,-1.0,-1.0
115.0,91.0,5,1,0.6,0.5238095238095238,21,0.0,0.0,5.0,8.0,4.0,5.0,5.0,5.0,5.0,28.0,0.0,0.0,2.0,3.0,2.0,0.0,2.0,3.0,4.0,7.0,0.0,0.0,66.7,75.0,28.6,0.0,0.0,0.0,0.0,0.0,0.0,0.0,0.0,0.0,0.0,0.0,0.0,0.0,0.0,0.0,0.0,0.0,1.0,2.0,0.0,0.0,1.0,2.0,2.0,2.0,0.0,0.0,50.0,100.0,0.0,0.0,0.0,1.0,0.0,2.0,0.0,0.0,0.0,0.0,4.0,0.0,0.0,1.0,0.0,6.0,0.0,2.0,0.0,0.0,6.0,0.0,1.0,0.0,0.0,1.0,1.0,0.0,0.0,0.0,0.0,0.0,0.0,0.0,0.0,2.0,0.0,0.0,0.0,0.0,0.0,-1.0,-1.0,-1.0,-1.0,-3.0,25.0,17.0,23.0,12.0,6.0,34.0,30.0,26.0,34.0,33.0,8.0,7.0,9.0,5.0,3.0,15.0,10.0,20.0,9.0,6.0,53.3,70.0,45.0,55.6,50.0,7.0,1.0,1.0,0.0,0.0,8.0,1.0,1.0,1.0,0.0,87.5,100.0,100.0,0.0,0.0,2.0,2.0,4.0,2.0,0.0,7.0,3.0,10.0,5.0,0.0,28.6,66.7,40.0,40.0,0.0,4.0,1.0,0.0,1.0,5.0,16.0,5.0,3.0,2.0,5.0,20.0,6.0,3.0,3.0,10.0,5.0,2.0,1.0,7.0,0.0,2.0,2.0,1.0,3.0,1.0,2.0,1.0,0.0,3.0,2.0,4.0,1.0,1.0,2.0,4.0,0.0,1.0,0.0,0.0,6.0,27.0,25.0,21.0,20.0,18.0
118.0,112.0,10,1,0.6,0.5454545454545454,22,6.0,5.0,1.0,10.0,31.0,27.0,13.0,11.0,34.0,37.0,2.0,1.0,0.0,5.0,12.0,8.0,2.0,3.0,7.0,20.0,25.0,50.0,0.0,71.4,60.0,1.0,2.0,1.0,0.0,3.0,3.0,2.0,1.0,0.0,4.0,33.3,100.0,100.0,0.0,75.0,1.0,1.0,0.0,0.0,4.0,5.0,1.0,3.0,0.0,9.0,20.0,100.0,0.0,0.0,44.4,2.0,0.0,0.0,0.0,0.0,2.0,2.0,0.0,12.0,2.0,4.0,2.0,0.0,12.0,2.0,1.0,1.0,1.0,2.0,8.0,2.0,3.0,0.0,3.0,2.0,0.0,0.0,0.0,0.0,2.0,2.0,1.0,0.0,2.0,7.0,0.0,1.0,0.0,0.0,0.0,4.0,4.0,3.0,1.0,1.0,29.0,42.0,6.0,7.0,5.0,38.0,40.0,31.0,32.0,19.0,12.0,13.0,2.0,2.0,2.0,21.0,24.0,4.0,3.0,10.0,57.1,54.2,50.0,66.7,20.0,3.0,9.0,2.0,2.0,0.0,6.0,10.0,2.0,4.0,0.0,50.0,90.0,100.0,50.0,0.0,2.0,7.0,0.0,1.0,1.0,5.0,12.0,0.0,2.0,5.0,40.0,58.3,0.0,50.0,20.0,2.0,2.0,6.0,0.0,0.0,8.0,4.0,3.0,7.0,1.0,10.0,6.0,9.0,7.0,1.0,8.0,8.0,1.0,2.0,2.0,3.0,3.0,2.0,2.0,0.0,0.0,1.0,1.0,2.0,0.0,3.0,1.0,1.0,1.0,1.0,1.0,0.0,1.0,0.0,0.0,11.0,11.0,8.0,6.0,3.0
119.0,106.0,38,0,0.7,0.5652173913043478,23,2.0,11.0,12.0,0.0,9.0,7.0,19.0,28.0,11.0,27.0,1.0,4.0,6.0,0.0,4.0,4.0,10.0,9.0,2.0,13.0,25.0,40.0,66.7,0.0,30.8,0.0,2.0,0.0,0.0,0.0,0.0,3.0,0.0,0.0,0.0,0.0,66.7,0.0,0.0,0.0,0.0,1.0,0.0,0.0,1.0,2.0,4.0,0.0,1.0,6.0,0.0,25.0,0.0,0.0,16.7,1.0,2.0,4.0,0.0,1.0,1.0,1.0,8.0,1.0,4.0,2.0,3.0,12.0,1.0,5.0,1.0,2.0,1.0,4.0,3.0,1.0,0.0,4.0,1.0,5.0,0.0,1.0,0.0,0.0,1.0,0.0,0.0,1.0,0.0,3.0,0.0,0.0,2.0,1.0,2.0,8.0,5.0,0.0,-3.0,-4.0,10.0,20.0,22.0,17.0,4.0,19.0,35.0,37.0,31.0,16.0,3.0,8.0,9.0,7.0,1.0,6.0,15.0,21.0,11.0,3.0,50.0,53.3,42.9,63.6,33.3,3.0,3.0,1.0,0.0,2.0,4.0,3.0,1.0,0.0,3.0,75.0,100.0,100.0,0.0,66.7,1.0,1.0,3.0,3.0,0.0,3.0,4.0,8.0,4.0,0.0,33.3,25.0,37.5,75.0,0.0,0.0,2.0,0.0,3.0,2.0,1.0,8.0,5.0,5.0,6.0,1.0,10.0,5.0,8.0,8.0,1.0,9.0,8.0,2.0,0.0,0.0,3.0,2.0,3.0,1.0,1.0,0.0,1.0,0.0,0.0,1.0,2.0,2.0,3.0,0.0,0.0,0.0,0.0,1.0,1.0,16.0,15.0,15.0,11.0,7.0
122.0,146.0,21,0,0.6,0.5416666666666666,24,9.0,35.0,28.0,18.0,14.0,34.0,34.0,34.0,33.0,26.0,4.0,15.0,8.0,6.0,6.0,8.0,22.0,13.0,11.0,12.0,50.0,68.2,61.5,54.5,50.0,0.0,4.0,7.0,0.0,0.0,0.0,9.0,8.0,0.0,0.0,0.0,44.4,87.5,0.0,0.0,1.0,1.0,5.0,6.0,2.0,4.0,1.0,7.0,10.0,3.0,25.0,100.0,71.4,60.0,66.7,2.0,3.0,1.0,0.0,2.0,6.0,5.0,2.0,3.0,2.0,8.0,8.0,3.0,3.0,4.0,3.0,10.0,7.0,0.0,7.0,4.0,3.0,4.0,4.0,1.0,3.0,3.0,1.0,0.0,1.0,0.0,4.0,3.0,0.0,2.0,3.0,0.0,1.0,0.0,0.0,28.0,19.0,17.0,16.0,11.0,0.0,0.0,0.0,3.0,0.0,3.0,18.0,2.0,2.0,2.0,0.0,0.0,0.0,1.0,0.0,0.0,1.0,0.0,1.0,0.0,0.0,0.0,0.0,100.0,0.0,0.0,0.0,0.0,0.0,0.0,0.0,0.0,0.0,0.0,0.0,0.0,0.0,0.0,0.0,0.0,0.0,0.0,0.0,1.0,0.0,0.0,1.0,0.0,1.0,0.0,0.0,0.0,0.0,100.0,0.0,0.0,0.0,0.0,0.0,0.0,0.0,1.0,0.0,0.0,1.0,0.0,1.0,0.0,0.0,1.0,0.0,0.0,0.0,0.0,1.0,0.0,4.0,0.0,0.0,0.0,0.0,1.0,0.0,0.0,1.0,1.0,0.0,0.0,0.0,0.0,0.0,0.0,1.0,0.0,0.0,-2.0,-3.0,-4.0,-4.0,-4.0
123.0,133.0,2,0,0.5,0.52,25,30.0,17.0,25.0,21.0,14.0,32.0,27.0,39.0,29.0,27.0,10.0,7.0,8.0,7.0,5.0,16.0,13.0,18.0,13.0,8.0,62.5,53.8,44.4,53.8,62.5,4.0,1.0,6.0,4.0,1.0,4.0,1.0,8.0,4.0,1.0,100.0,100.0,75.0,100.0,100.0,6.0,2.0,3.0,3.0,3.0,10.0,5.0,9.0,6.0,6.0,60.0,40.0,33.3,50.0,50.0,2.0,0.0,0.0,1.0,2.0,1.0,0.0,6.0,2.0,8.0,3.0,0.0,6.0,3.0,10.0,3.0,4.0,5.0,1.0,2.0,4.0,5.0,3.0,2.0,1.0,2.0,1.0,1.0,2.0,0.0,0.0,2.0,0.0,2.0,2.0,2.0,1.0,0.0,0.0,0.0,21.0,18.0,17.0,13.0,9.0,17.0,13.0,5.0,6.0,23.0,25.0,19.0,29.0,27.0,31.0,4.0,5.0,2.0,2.0,9.0,10.0,10.0,4.0,4.0,16.0,40.0,50.0,50.0,50.0,56.3,6.0,0.0,1.0,0.0,3.0,6.0,0.0,2.0,0.0,4.0,100.0,0.0,50.0,0.0,75.0,3.0,3.0,0.0,2.0,2.0,8.0,7.0,0.0,3.0,5.0,37.5,42.9,0.0,66.7,40.0,0.0,0.0,4.0,1.0,1.0,0.0,1.0,12.0,5.0,2.0,0.0,1.0,16.0,6.0,3.0,1.0,2.0,4.0,7.0,3.0,2.0,1.0,4.0,4.0,0.0,0.0,0.0,0.0,0.0,1.0,0.0,2.0,1.0,1.0,0.0,0.0,0.0,2.0,0.0,0.0,15.0,12.0,9.0,5.0,-12.0
136.0,130.0,38,1,0.5,0.5384615384615384,26,20.0,10.0,4.0,9.0,20.0,37.0,17.0,19.0,21.0,33.0,8.0,4.0,2.0,3.0,6.0,15.0,5.0,8.0,8.0,12.0,53.3,80.0,25.0,37.5,50.0,3.0,0.0,0.0,2.0,6.0,7.0,0.0,0.0,2.0,7.0,42.9,0.0,0.0,100.0,85.7,1.0,2.0,0.0,1.0,2.0,2.0,2.0,4.0,4.0,4.0,50.0,100.0,0.0,25.0,50.0,2.0,1.0,1.0,0.0,0.0,2.0,3.0,0.0,5.0,2.0,4.0,4.0,1.0,5.0,2.0,4.0,4.0,2.0,3.0,10.0,5.0,2.0,0.0,4.0,2.0,4.0,0.0,0.0,1.0,4.0,1.0,3.0,0.0,1.0,0.0,0.0,0.0,0.0,0.0,0.0,6.0,3.0,3.0,-1.0,-5.0,19.0,16.0,2.0,3.0,21.0,27.0,31.0,21.0,10.0,38.0,7.0,6.0,1.0,1.0,7.0,11.0,8.0,2.0,2.0,12.0,63.6,75.0,50.0,50.0,58.3,0.0,1.0,0.0,0.0,4.0,0.0,2.0,0.0,0.0,6.0,0.0,50.0,0.0,0.0,66.7,5.0,3.0,0.0,1.0,3.0,7.0,3.0,0.0,1.0,5.0,71.4,100.0,0.0,100.0,60.0,0.0,3.0,3.0,0.0,0.0,3.0,4.0,4.0,0.0,2.0,3.0,7.0,7.0,0.0,2.0,1.0,8.0,1.0,3.0,9.0,0.0,4.0,3.0,1.0,5.0,0.0,1.0,0.0,0.0,1.0,0.0,1.0,0.0,0.0,7.0,0.0,0.0,0.0,0.0,0.0,10.0,8.0,5.0,5.0,1.0
113.0,117.0,40,0,0.5,0.5185185185185185,27,5.0,5.0,10.0,0.0,9.0,20.0,30.0,18.0,5.0,23.0,2.0,2.0,4.0,0.0,4.0,7.0,12.0,4.0,1.0,7.0,28.6,16.7,100.0,0.0,57.1,0.0,0.0,0.0,0.0,1.0,0.0,0.0,0.0,0.0,3.0,0.0,0.0,0.0,0.0,33.3,1.0,1.0,2.0,0.0,0.0,3.0,5.0,2.0,0.0,0.0,33.3,20.0,100.0,0.0,0.0,2.0,3.0,0.0,1.0,3.0,2.0,1.0,2.0,2.0,5.0,4.0,4.0,2.0,3.0,8.0,1.0,2.0,7.0,0.0,1.0,3.0,2.0,3.0,0.0,3.0,2.0,0.0,1.0,0.0,0.0,1.0,0.0,1.0,0.0,2.0,1.0,0.0,0.0,0.0,3.0,25.0,16.0,13.0,5.0,3.0,32.0,21.0,23.0,7.0,9.0,39.0,27.0,39.0,29.0,24.0,14.0,6.0,6.0,3.0,3.0,23.0,13.0,19.0,4.0,16.0,60.9,46.2,31.6,75.0,18.8,2.0,5.0,11.0,1.0,3.0,2.0,7.0,16.0,1.0,4.0,100.0,71.4,68.8,100.0,75.0,2.0,4.0,0.0,0.0,0.0,6.0,9.0,6.0,0.0,7.0,33.3,44.4,0.0,0.0,0.0,3.0,3.0,2.0,3.0,1.0,9.0,4.0,5.0,3.0,5.0,12.0,7.0,7.0,6.0,6.0,6.0,1.0,8.0,0.0,2.0,4.0,2.0,4.0,3.0,2.0,1.0,4.0,2.0,0.0,0.0,2.0,0.0,3.0,0.0,0.0,1.0,0.0,0.0,2.0,0.0,13.0,12.0,9.0,5.0,-4.0
139.0,122.0,28,0,0.5,0.5357142857142857,28,21.0,6.0,2.0,0.0,5.0,30.0,5.0,2.0,8.0,26.0,9.0,2.0,1.0,0.0,2.0,13.0,2.0,1.0,0.0,5.0,69.2,100.0,100.0,0.0,40.0,2.0,1.0,0.0,0.0,0.0,2.0,1.0,0.0,0.0,0.0,100.0,100.0,0.0,0.0,0.0,1.0,1.0,0.0,0.0,1.0,2.0,1.0,0.0,0.0,3.0,50.0,100.0,0.0,0.0,33.3,4.0,0.0,0.0,0.0,2.0,8.0,0.0,0.0,0.0,2.0,12.0,0.0,0.0,0.0,4.0,2.0,1.0,0.0,0.0,1.0,2.0,0.0,0.0,0.0,2.0,1.0,0.0,0.0,0.0,0.0,3.0,0.0,0.0,0.0,0.0,0.0,0.0,0.0,0.0,0.0,5.0,3.0,2.0,0.0,-5.0,6.0,7.0,10.0,9.0,50.0,29.0,31.0,24.0,15.0,35.0,3.0,2.0,3.0,3.0,17.0,8.0,2.0,8.0,7.0,23.0,37.5,100.0,37.5,42.9,73.9,0.0,3.0,3.0,0.0,7.0,0.0,4.0,4.0,0.0,9.0,0.0,75.0,75.0,0.0,77.8,0.0,0.0,1.0,3.0,9.0,3.0,0.0,3.0,6.0,9.0,0.0,0.0,33.3,50.0,100.0,2.0,1.0,0.0,2.0,1.0,0.0,7.0,5.0,0.0,5.0,2.0,8.0,5.0,2.0,6.0,2.0,2.0,3.0,1.0,9.0,0.0,3.0,2.0,2.0,0.0,0.0,1.0,2.0,0.0,5.0,0.0,2.0,1.0,0.0,2.0,0.0,3.0,0.0,0.0,0.0,34.0,29.0,28.0,12.0,7.0
122.0,144.0,16,0,0.5,0.5172413793103449,29,13.0,25.0,10.0,13.0,36.0,28.0,31.0,28.0,27.0,30.0,5.0,11.0,2.0,4.0,12.0,9.0,18.0,6.0,8.0,16.0,55.6,61.1,33.3,50.0,75.0,3.0,0.0,5.0,3.0,7.0,4.0,0.0,7.0,3.0,7.0,75.0,0.0,71.4,100.0,100.0,0.0,3.0,1.0,2.0,5.0,0.0,6.0,4.0,4.0,6.0,0.0,50.0,25.0,50.0,83.3,4.0,0.0,0.0,0.0,1.0,7.0,4.0,4.0,1.0,6.0,11.0,4.0,4.0,1.0,7.0,2.0,7.0,12.0,4.0,4.0,2.0,4.0,3.0,1.0,1.0,1.0,2.0,1.0,0.0,2.0,0.0,2.0,1.0,0.0,0.0,2.0,0.0,2.0,0.0,0.0,29.0,26.0,22.0,19.0,15.0,0.0,9.0,2.0,0.0,0.0,3.0,19.0,6.0,6.0,8.0,0.0,3.0,1.0,0.0,0.0,1.0,8.0,3.0,1.0,1.0,0.0,37.5,33.3,0.0,0.0,0.0,3.0,0.0,0.0,0.0,0.0,4.0,0.0,0.0,0.0,0.0,75.0,0.0,0.0,0.0,0.0,0.0,0.0,0.0,0.0,1.0,3.0,2.0,1.0,0.0,0.0,0.0,0.0,0.0,0.0,0.0,0.0,1.0,0.0,0.0,0.0,4.0,0.0,2.0,1.0,0.0,4.0,1.0,2.0,1.0,0.0,3.0,0.0,1.0,1.0,0.0,0.0,0.0,0.0,2.0,0.0,0.0,1.0,0.0,1.0,0.0,0.0,0.0,0.0,1.0,0.0,0.0,0.0,0.0,0.0,10.0,3.0,2.0,2.0,1.0
114.0,109.0,17,0,0.5,0.5333333333333333,30,20.0,2.0,0.0,9.0,9.0,33.0,8.0,14.0,39.0,28.0,6.0,1.0,0.0,3.0,3.0,15.0,1.0,0.0,13.0,10.0,40.0,100.0,0.0,23.1,30.0,5.0,0.0,0.0,0.0,0.0,5.0,0.0,0.0,0.0,0.0,100.0,0.0,0.0,0.0,0.0,3.0,0.0,0.0,3.0,3.0,7.0,0.0,0.0,13.0,6.0,42.9,0.0,0.0,23.1,50.0,0.0,0.0,2.0,1.0,0.0,3.0,2.0,0.0,1.0,3.0,3.0,2.0,2.0,2.0,3.0,7.0,0.0,1.0,3.0,4.0,2.0,1.0,3.0,1.0,1.0,1.0,0.0,0.0,0.0,1.0,4.0,0.0,1.0,1.0,0.0,0.0,0.0,0.0,1.0,0.0,7.0,4.0,3.0,-1.0,-4.0,27.0,9.0,20.0,3.0,29.0,43.0,39.0,29.0,11.0,37.0,12.0,3.0,8.0,1.0,10.0,22.0,4.0,15.0,5.0,21.0,54.5,75.0,53.3,20.0,47.6,2.0,3.0,1.0,0.0,6.0,2.0,6.0,1.0,0.0,6.0,100.0,50.0,100.0,0.0,100.0,1.0,0.0,3.0,1.0,3.0,4.0,0.0,7.0,4.0,6.0,25.0,0.0,42.9,25.0,50.0,1.0,7.0,0.0,0.0,1.0,13.0,10.0,3.0,0.0,3.0,14.0,17.0,3.0,0.0,4.0,3.0,2.0,2.0,2.0,3.0,3.0,3.0,2.0,0.0,0.0,0.0,2.0,1.0,1.0,1.0,2.0,1.0,1.0,0.0,4.0,0.0,2.0,0.0,0.0,1.0,17.0,15.0,7.0,4.0,1.0
121.0,102.0,4,0,0.5,0.5483870967741935,31,4.0,0.0,9.0,2.0,20.0,11.0,4.0,19.0,6.0,28.0,2.0,0.0,3.0,1.0,8.0,3.0,1.0,7.0,2.0,14.0,66.7,0.0,42.9,50.0,57.1,0.0,0.0,3.0,0.0,0.0,1.0,0.0,4.0,0.0,1.0,0.0,0.0,75.0,0.0,0.0,0.0,0.0,0.0,0.0,4.0,1.0,0.0,0.0,1.0,6.0,0.0,0.0,0.0,0.0,66.7,0.0,0.0,9.0,0.0,0.0,3.0,0.0,6.0,1.0,4.0,3.0,0.0,15.0,1.0,4.0,1.0,0.0,3.0,2.0,2.0,1.0,1.0,4.0,0.0,3.0,0.0,0.0,1.0,1.0,0.0,1.0,1.0,1.0,0.0,0.0,1.0,1.0,0.0,0.0,0.0,8.0,6.0,6.0,-1.0,-5.0,26.0,2.0,16.0,23.0,14.0,34.0,30.0,32.0,23.0,27.0,9.0,1.0,6.0,9.0,5.0,20.0,3.0,15.0,15.0,11.0,45.0,33.3,40.0,60.0,45.5,8.0,0.0,3.0,0.0,4.0,9.0,0.0,4.0,0.0,4.0,88.9,0.0,75.0,0.0,100.0,0.0,0.0,1.0,5.0,0.0,4.0,0.0,3.0,10.0,1.0,0.0,0.0,33.3,50.0,0.0,2.0,5.0,1.0,2.0,0.0,5.0,5.0,6.0,6.0,5.0,7.0,10.0,7.0,8.0,5.0,4.0,3.0,8.0,1.0,2.0,3.0,1.0,0.0,2.0,2.0,0.0,0.0,1.0,3.0,1.0,1.0,0.0,3.0,2.0,2.0,0.0,2.0,0.0,0.0,1.0,27.0,21.0,18.0,13.0,13.0
111.0,130.0,21,1,0.4,0.53125,32,19.0,20.0,23.0,8.0,5.0,31.0,33.0,27.0,14.0,35.0,7.0,9.0,9.0,2.0,1.0,13.0,16.0,14.0,2.0,7.0,53.8,56.3,64.3,100.0,14.3,0.0,0.0,2.0,3.0,3.0,0.0,0.0,2.0,4.0,4.0,0.0,0.0,100.0,75.0,75.0,5.0,2.0,3.0,1.0,0.0,9.0,4.0,4.0,1.0,2.0,55.6,50.0,75.0,100.0,0.0,1.0,1.0,2.0,0.0,1.0,5.0,4.0,9.0,1.0,2.0,6.0,5.0,11.0,1.0,3.0,1.0,5.0,1.0,1.0,1.0,3.0,4.0,4.0,0.0,3.0,0.0,0.0,2.0,0.0,0.0,0.0,3.0,2.0,0.0,0.0,0.0,0.0,0.0,0.0,1.0,19.0,17.0,17.0,16.0,15.0,0.0,11.0,26.0,0.0,0.0,0.0,24.0,34.0,1.0,1.0,0.0,4.0,8.0,0.0,0.0,0.0,7.0,17.0,1.0,0.0,0.0,57.1,47.1,0.0,0.0,0.0,0.0,10.0,0.0,0.0,0.0,0.0,10.0,0.0,0.0,0.0,0.0,100.0,0.0,0.0,0.0,3.0,0.0,0.0,0.0,0.0,6.0,2.0,0.0,0.0,0.0,50.0,0.0,0.0,0.0,0.0,1.0,1.0,0.0,0.0,0.0,1.0,7.0,0.0,1.0,0.0,2.0,8.0,0.0,1.0,0.0,2.0,1.0,0.0,0.0,0.0,3.0,3.0,0.0,0.0,0.0,1.0,1.0,0.0,0.0,0.0,1.0,3.0,0.0,0.0,0.0,0.0,0.0,0.0,0.0,0.0,-2.0,-3.0,-3.0,-3.0
129.0,122.0,21,1,0.5,0.5454545454545454,33,24.0,0.0,3.0,12.0,2.0,33.0,6.0,10.0,31.0,14.0,10.0,0.0,1.0,5.0,0.0,20.0,0.0,2.0,11.0,2.0,50.0,0.0,50.0,45.5,0.0,0.0,0.0,0.0,2.0,2.0,0.0,0.0,0.0,2.0,2.0,0.0,0.0,0.0,100.0,100.0,4.0,0.0,1.0,0.0,0.0,9.0,0.0,2.0,4.0,1.0,44.4,0.0,50.0,0.0,0.0,0.0,0.0,0.0,5.0,1.0,2.0,1.0,0.0,4.0,1.0,2.0,1.0,0.0,9.0,2.0,6.0,0.0,1.0,0.0,1.0,4.0,0.0,0.0,4.0,2.0,1.0,1.0,0.0,0.0,1.0,2.0,0.0,0.0,3.0,0.0,0.0,0.0,0.0,0.0,0.0,9.0,4.0,-1.0,-3.0,-4.0,20.0,10.0,24.0,38.0,0.0,22.0,31.0,41.0,37.0,15.0,7.0,5.0,8.0,15.0,0.0,10.0,7.0,17.0,28.0,1.0,70.0,71.4,47.1,53.6,0.0,4.0,0.0,6.0,7.0,0.0,4.0,0.0,6.0,9.0,0.0,100.0,0.0,100.0,77.8,0.0,2.0,0.0,2.0,1.0,0.0,4.0,2.0,5.0,3.0,1.0,50.0,0.0,40.0,33.3,0.0,0.0,0.0,1.0,1.0,0.0,0.0,9.0,8.0,3.0,3.0,0.0,9.0,9.0,4.0,3.0,1.0,4.0,2.0,6.0,3.0,1.0,1.0,3.0,0.0,2.0,1.0,2.0,1.0,1.0,0.0,1.0,2.0,4.0,0.0,0.0,0.0,0.0,0.0,0.0,3.0,14.0,7.0,6.0,6.0,4.0
120.0,129.0,25,0,0.5,0.5294117647058824,34,5.0,36.0,7.0,5.0,4.0,27.0,36.0,29.0,12.0,22.0,2.0,13.0,3.0,2.0,2.0,9.0,23.0,4.0,4.0,6.0,22.2,56.5,75.0,50.0,33.3,0.0,8.0,1.0,0.0,0.0,0.0,9.0,2.0,0.0,0.0,0.0,88.9,50.0,0.0,0.0,1.0,2.0,0.0,1.0,0.0,4.0,5.0,0.0,3.0,2.0,25.0,40.0,0.0,33.3,0.0,0.0,1.0,0.0,0.0,0.0,2.0,6.0,6.0,0.0,1.0,2.0,7.0,6.0,0.0,1.0,2.0,8.0,2.0,2.0,0.0,4.0,0.0,1.0,4.0,1.0,0.0,2.0,0.0,0.0,1.0,0.0,1.0,2.0,0.0,1.0,0.0,2.0,2.0,1.0,0.0,13.0,12.0,11.0,7.0,6.0,4.0,22.0,6.0,0.0,17.0,37.0,25.0,11.0,0.0,21.0,2.0,7.0,2.0,0.0,6.0,6.0,10.0,2.0,0.0,10.0,33.3,70.0,100.0,0.0,60.0,0.0,4.0,0.0,0.0,0.0,0.0,4.0,0.0,0.0,0.0,0.0,100.0,0.0,0.0,0.0,0.0,4.0,2.0,0.0,5.0,0.0,5.0,2.0,0.0,9.0,0.0,80.0,100.0,0.0,55.6,3.0,0.0,0.0,0.0,0.0,6.0,0.0,3.0,0.0,2.0,9.0,0.0,3.0,0.0,2.0,2.0,2.0,1.0,0.0,0.0,3.0,0.0,1.0,0.0,2.0,0.0,0.0,0.0,0.0,0.0,2.0,1.0,0.0,0.0,1.0,1.0,0.0,0.0,0.0,0.0,4.0,2.0,0.0,0.0,-1.0
108.0,117.0,26,0,0.4,0.5142857142857142,35,13.0,32.0,21.0,9.0,2.0,30.0,39.0,31.0,23.0,12.0,4.0,11.0,8.0,3.0,1.0,8.0,19.0,15.0,8.0,5.0,50.0,57.9,53.3,37.5,20.0,5.0,7.0,3.0,3.0,0.0,8.0,7.0,6.0,4.0,0.0,62.5,100.0,50.0,75.0,0.0,0.0,3.0,2.0,0.0,0.0,0.0,5.0,7.0,3.0,4.0,0.0,60.0,28.6,0.0,0.0,3.0,2.0,0.0,0.0,0.0,4.0,7.0,2.0,2.0,0.0,7.0,9.0,2.0,2.0,0.0,0.0,2.0,6.0,5.0,1.0,3.0,1.0,4.0,2.0,1.0,1.0,4.0,0.0,2.0,0.0,2.0,4.0,3.0,1.0,0.0,2.0,1.0,1.0,0.0,0.0,16.0,15.0,9.0,6.0,5.0,2.0,5.0,12.0,3.0,38.0,15.0,31.0,28.0,14.0,36.0,1.0,2.0,4.0,1.0,16.0,1.0,4.0,10.0,3.0,25.0,100.0,50.0,40.0,33.3,64.0,0.0,0.0,1.0,0.0,6.0,0.0,0.0,1.0,0.0,8.0,0.0,0.0,100.0,0.0,75.0,0.0,1.0,3.0,1.0,0.0,0.0,2.0,7.0,3.0,4.0,0.0,50.0,42.9,33.3,0.0,0.0,0.0,0.0,0.0,3.0,4.0,4.0,1.0,2.0,9.0,4.0,4.0,1.0,2.0,12.0,0.0,0.0,1.0,0.0,6.0,4.0,2.0,4.0,1.0,5.0,0.0,0.0,0.0,1.0,0.0,0.0,2.0,1.0,0.0,5.0,1.0,0.0,0.0,0.0,1.0,7.0,6.0,3.0,1.0,0.0
126.0,140.0,15,0,0.4,0.5,36,14.0,22.0,28.0,20.0,25.0,33.0,36.0,31.0,26.0,31.0,5.0,8.0,10.0,7.0,8.0,10.0,17.0,17.0,10.0,13.0,50.0,47.1,58.8,70.0,61.5,2.0,4.0,2.0,3.0,2.0,2.0,4.0,3.0,3.0,2.0,100.0,100.0,66.7,100.0,100.0,2.0,2.0,6.0,3.0,7.0,4.0,10.0,8.0,5.0,11.0,50.0,20.0,75.0,60.0,63.6,3.0,1.0,1.0,0.0,0.0,2.0,4.0,7.0,0.0,1.0,5.0,5.0,8.0,0.0,1.0,5.0,23.0,2.0,0.0,2.0,4.0,0.0,0.0,0.0,2.0,2.0,2.0,0.0,0.0,1.0,4.0,2.0,1.0,2.0,2.0,0.0,1.0,0.0,0.0,0.0,20.0,19.0,17.0,11.0,10.0,5.0,0.0,0.0,0.0,3.0,18.0,1.0,1.0,1.0,1.0,2.0,0.0,0.0,0.0,1.0,3.0,0.0,0.0,0.0,2.0,66.7,0.0,0.0,0.0,50.0,0.0,0.0,0.0,0.0,0.0,0.0,0.0,0.0,0.0,0.0,0.0,0.0,0.0,0.0,0.0,1.0,0.0,0.0,0.0,1.0,2.0,0.0,0.0,0.0,1.0,50.0,0.0,0.0,0.0,100.0,0.0,0.0,0.0,0.0,0.0,0.0,0.0,0.0,0.0,0.0,0.0,0.0,0.0,0.0,0.0,1.0,1.0,0.0,0.0,0.0,3.0,0.0,0.0,0.0,0.0,0.0,0.0,0.0,0.0,0.0,0.0,0.0,0.0,0.0,0.0,0.0,0.0,0.0,0.0,0.0,7.0,3.0,3.0,3.0,3.0
112.0,106.0,22,1,0.4,0.5135135135135135,37,9.0,29.0,3.0,35.0,2.0,12.0,32.0,17.0,38.0,17.0,4.0,10.0,1.0,11.0,1.0,5.0,18.0,3.0,21.0,1.0,80.0,55.6,33.3,52.4,100.0,0.0,6.0,0.0,9.0,0.0,0.0,6.0,0.0,10.0,2.0,0.0,100.0,0.0,90.0,0.0,1.0,3.0,1.0,4.0,0.0,2.0,5.0,2.0,9.0,0.0,50.0,60.0,50.0,44.4,0.0,0.0,1.0,0.0,0.0,0.0,1.0,5.0,0.0,4.0,2.0,1.0,6.0,0.0,4.0,2.0,3.0,3.0,2.0,2.0,3.0,1.0,5.0,2.0,1.0,0.0,2.0,0.0,0.0,0.0,2.0,0.0,3.0,0.0,4.0,3.0,0.0,0.0,0.0,2.0,0.0,13.0,5.0,3.0,2.0,-3.0,17.0,16.0,15.0,7.0,39.0,35.0,41.0,26.0,39.0,36.0,7.0,5.0,5.0,2.0,14.0,12.0,23.0,11.0,3.0,24.0,58.3,21.7,45.5,66.7,58.3,0.0,5.0,3.0,3.0,9.0,0.0,5.0,4.0,4.0,13.0,0.0,100.0,75.0,75.0,69.2,3.0,1.0,2.0,0.0,2.0,6.0,9.0,6.0,0.0,6.0,50.0,11.1,33.3,0.0,33.3,3.0,0.0,1.0,4.0,3.0,3.0,4.0,3.0,5.0,6.0,6.0,4.0,4.0,9.0,9.0,1.0,14.0,2.0,3.0,0.0,6.0,4.0,0.0,3.0,5.0,2.0,1.0,1.0,3.0,0.0,1.0,2.0,1.0,1.0,6.0,0.0,0.0,1.0,3.0,0.0,19.0,16.0,15.0,10.0,2.0
116.0,100.0,6,1,0.5,0.5263157894736842,38,2.0,2.0,4.0,0.0,0.0,16.0,8.0,16.0,2.0,1.0,1.0,1.0,2.0,0.0,0.0,6.0,2.0,3.0,1.0,0.0,16.7,50.0,66.7,0.0,0.0,0.0,0.0,0.0,0.0,0.0,0.0,0.0,0.0,0.0,0.0,0.0,0.0,0.0,0.0,0.0,0.0,0.0,0.0,0.0,0.0,3.0,0.0,0.0,0.0,0.0,0.0,0.0,0.0,0.0,0.0,0.0,0.0,1.0,1.0,0.0,0.0,1.0,1.0,0.0,0.0,0.0,1.0,2.0,1.0,0.0,2.0,1.0,0.0,0.0,0.0,2.0,2.0,0.0,0.0,0.0,1.0,0.0,0.0,0.0,0.0,1.0,0.0,0.0,0.0,0.0,1.0,0.0,0.0,0.0,0.0,13.0,6.0,0.0,0.0,0.0,11.0,10.0,31.0,11.0,35.0,34.0,37.0,38.0,25.0,39.0,5.0,4.0,13.0,4.0,13.0,9.0,6.0,22.0,10.0,23.0,55.6,66.7,59.1,40.0,56.5,0.0,2.0,1.0,0.0,6.0,0.0,3.0,1.0,0.0,7.0,0.0,66.7,100.0,0.0,85.7,1.0,0.0,4.0,3.0,3.0,4.0,0.0,9.0,8.0,7.0,25.0,0.0,44.4,37.5,42.9,2.0,7.0,0.0,1.0,0.0,6.0,13.0,3.0,4.0,6.0,8.0,20.0,3.0,5.0,6.0,2.0,1.0,13.0,5.0,4.0,2.0,2.0,3.0,2.0,3.0,2.0,0.0,0.0,1.0,2.0,1.0,2.0,4.0,3.0,3.0,0.0,5.0,0.0,0.0,1.0,35.0,32.0,31.0,18.0,13.0
128.0,92.0,27,0,0.5,0.5384615384615384,39,5.0,2.0,0.0,6.0,0.0,24.0,5.0,21.0,12.0,7.0,2.0,1.0,0.0,3.0,0.0,6.0,1.0,2.0,5.0,0.0,33.3,100.0,0.0,60.0,0.0,0.0,0.0,0.0,0.0,0.0,1.0,0.0,0.0,0.0,0.0,0.0,0.0,0.0,0.0,0.0,1.0,0.0,0.0,0.0,0.0,2.0,0.0,1.0,0.0,0.0,50.0,0.0,0.0,0.0,0.0,0.0,0.0,1.0,0.0,0.0,3.0,2.0,3.0,1.0,0.0,3.0,2.0,4.0,1.0,0.0,4.0,1.0,1.0,0.0,0.0,2.0,0.0,2.0,2.0,2.0,0.0,2.0,0.0,0.0,0.0,0.0,0.0,2.0,0.0,0.0,0.0,0.0,1.0,0.0,0.0,-1.0,-2.0,-6.0,-7.0,-12.0,10.0,19.0,17.0,11.0,15.0,30.0,24.0,35.0,37.0,15.0,4.0,6.0,8.0,3.0,4.0,7.0,13.0,9.0,11.0,8.0,57.1,46.2,88.9,27.3,50.0,2.0,3.0,1.0,4.0,3.0,2.0,3.0,2.0,4.0,3.0,100.0,100.0,50.0,100.0,100.0,0.0,4.0,0.0,1.0,4.0,2.0,9.0,0.0,3.0,6.0,0.0,44.4,0.0,33.3,66.7,3.0,2.0,1.0,1.0,0.0,12.0,6.0,5.0,1.0,1.0,15.0,8.0,6.0,2.0,1.0,6.0,2.0,5.0,0.0,4.0,2.0,3.0,4.0,3.0,1.0,0.0,1.0,2.0,1.0,0.0,2.0,1.0,1.0,0.0,0.0,1.0,1.0,2.0,0.0,0.0,46.0,37.0,26.0,20.0,20.0
121.0,105.0,41,0,0.5,0.55,40,3.0,0.0,8.0,2.0,11.0,3.0,3.0,3.0,3.0,28.0,1.0,0.0,3.0,1.0,4.0,1.0,1.0,3.0,2.0,13.0,100.0,0.0,100.0,50.0,30.8,0.0,0.0,0.0,0.0,1.0,0.0,0.0,0.0,0.0,2.0,0.0,0.0,0.0,0.0,50.0,1.0,0.0,2.0,0.0,2.0,1.0,1.0,2.0,0.0,6.0,100.0,0.0,100.0,0.0,33.3,0.0,0.0,0.0,0.0,0.0,2.0,1.0,0.0,0.0,1.0,2.0,1.0,0.0,0.0,1.0,0.0,1.0,2.0,0.0,8.0,0.0,1.0,0.0,0.0,0.0,0.0,0.0,0.0,0.0,0.0,0.0,0.0,0.0,0.0,2.0,0.0,0.0,0.0,0.0,0.0,5.0,5.0,5.0,5.0,-1.0,8.0,39.0,9.0,33.0,9.0,39.0,38.0,32.0,35.0,31.0,4.0,13.0,3.0,10.0,4.0,8.0,23.0,8.0,18.0,7.0,50.0,56.5,37.5,55.6,57.1,0.0,10.0,2.0,9.0,0.0,0.0,13.0,2.0,9.0,0.0,0.0,76.9,100.0,100.0,0.0,0.0,3.0,1.0,4.0,1.0,0.0,8.0,4.0,8.0,3.0,0.0,37.5,25.0,50.0,33.3,2.0,3.0,2.0,0.0,2.0,17.0,4.0,2.0,3.0,3.0,19.0,7.0,4.0,3.0,5.0,2.0,5.0,1.0,8.0,2.0,3.0,2.0,1.0,2.0,3.0,4.0,1.0,0.0,0.0,1.0,5.0,2.0,2.0,2.0,1.0,2.0,0.0,0.0,0.0,0.0,26.0,24.0,24.0,20.0,11.0
112.0,84.0,29,1,0.6,0.5609756097560976,41,3.0,4.0,9.0,5.0,4.0,12.0,12.0,16.0,26.0,27.0,1.0,2.0,3.0,2.0,2.0,4.0,5.0,10.0,4.0,5.0,25.0,40.0,30.0,50.0,40.0,1.0,0.0,3.0,0.0,0.0,2.0,0.0,3.0,0.0,2.0,50.0,0.0,100.0,0.0,0.0,0.0,0.0,0.0,1.0,0.0,2.0,1.0,3.0,3.0,0.0,0.0,0.0,0.0,33.3,0.0,1.0,1.0,2.0,3.0,3.0,0.0,4.0,1.0,3.0,4.0,1.0,5.0,3.0,6.0,7.0,1.0,1.0,1.0,2.0,3.0,1.0,0.0,0.0,3.0,2.0,0.0,0.0,1.0,1.0,2.0,1.0,1.0,1.0,2.0,1.0,1.0,0.0,0.0,2.0,2.0,8.0,8.0,6.0,-3.0,-8.0,20.0,5.0,12.0,23.0,13.0,32.0,28.0,26.0,29.0,19.0,7.0,1.0,3.0,9.0,4.0,17.0,1.0,11.0,12.0,9.0,41.2,100.0,27.3,75.0,44.4,4.0,3.0,5.0,1.0,2.0,4.0,4.0,6.0,2.0,2.0,100.0,75.0,83.3,50.0,100.0,2.0,0.0,1.0,4.0,3.0,4.0,0.0,7.0,6.0,8.0,50.0,0.0,14.3,66.7,37.5,0.0,5.0,1.0,2.0,0.0,7.0,9.0,2.0,2.0,4.0,7.0,14.0,3.0,4.0,4.0,8.0,3.0,7.0,0.0,2.0,1.0,3.0,0.0,3.0,2.0,0.0,3.0,0.0,1.0,1.0,2.0,2.0,0.0,1.0,0.0,1.0,1.0,0.0,1.0,0.0,31.0,31.0,29.0,26.0,14.0
124.0,128.0,8,0,0.5,0.5476190476190477,42,8.0,32.0,44.0,2.0,4.0,23.0,39.0,40.0,4.0,28.0,2.0,10.0,15.0,0.0,2.0,8.0,20.0,26.0,1.0,3.0,25.0,50.0,57.7,0.0,66.7,4.0,6.0,8.0,2.0,0.0,5.0,7.0,9.0,2.0,0.0,80.0,85.7,88.9,100.0,0.0,0.0,6.0,6.0,0.0,0.0,2.0,13.0,10.0,0.0,0.0,0.0,46.2,60.0,0.0,0.0,0.0,2.0,0.0,0.0,5.0,6.0,4.0,4.0,0.0,4.0,6.0,6.0,4.0,0.0,9.0,4.0,4.0,10.0,0.0,2.0,2.0,2.0,3.0,0.0,5.0,0.0,2.0,2.0,0.0,1.0,0.0,2.0,5.0,0.0,0.0,0.0,0.0,0.0,0.0,0.0,14.0,12.0,9.0,6.0,2.0,10.0,30.0,7.0,32.0,19.0,39.0,39.0,16.0,37.0,30.0,4.0,10.0,3.0,12.0,7.0,10.0,22.0,3.0,23.0,13.0,40.0,45.5,100.0,52.2,53.8,1.0,8.0,1.0,6.0,0.0,1.0,9.0,2.0,7.0,0.0,100.0,88.9,50.0,85.7,0.0,1.0,2.0,0.0,2.0,5.0,6.0,6.0,0.0,7.0,10.0,16.7,33.3,0.0,28.6,50.0,1.0,0.0,1.0,1.0,1.0,5.0,2.0,5.0,5.0,3.0,6.0,2.0,6.0,6.0,4.0,2.0,8.0,0.0,5.0,3.0,1.0,3.0,4.0,3.0,4.0,0.0,1.0,1.0,2.0,2.0,1.0,4.0,2.0,4.0,2.0,2.0,0.0,0.0,0.0,0.0,14.0,8.0,3.0,-1.0,-6.0
106.0,94.0,19,0,0.6,0.5581395348837209,43,20.0,14.0,2.0,17.0,12.0,27.0,33.0,1.0,36.0,36.0,9.0,6.0,0.0,5.0,6.0,14.0,13.0,0.0,13.0,15.0,64.3,46.2,0.0,38.5,40.0,0.0,0.0,2.0,6.0,0.0,0.0,0.0,2.0,8.0,0.0,0.0,0.0,100.0,75.0,0.0,2.0,2.0,0.0,1.0,0.0,4.0,8.0,0.0,7.0,2.0,50.0,25.0,0.0,14.3,0.0,2.0,0.0,0.0,3.0,0.0,4.0,3.0,0.0,5.0,5.0,6.0,3.0,0.0,8.0,5.0,1.0,2.0,0.0,8.0,5.0,0.0,2.0,0.0,1.0,4.0,0.0,0.0,0.0,2.0,6.0,2.0,0.0,0.0,4.0,2.0,2.0,0.0,0.0,1.0,1.0,2.0,-1.0,-2.0,-4.0,-6.0,19.0,24.0,13.0,18.0,12.0,38.0,36.0,33.0,32.0,42.0,7.0,9.0,4.0,7.0,5.0,10.0,21.0,14.0,15.0,6.0,70.0,42.9,28.6,46.7,83.3,1.0,5.0,2.0,3.0,2.0,2.0,6.0,3.0,4.0,4.0,50.0,83.3,66.7,75.0,50.0,4.0,1.0,3.0,1.0,0.0,7.0,6.0,11.0,4.0,0.0,57.1,16.7,27.3,25.0,0.0,0.0,5.0,0.0,2.0,7.0,6.0,6.0,3.0,3.0,13.0,6.0,11.0,3.0,5.0,20.0,5.0,5.0,4.0,2.0,2.0,3.0,2.0,2.0,1.0,1.0,1.0,0.0,4.0,1.0,2.0,3.0,6.0,2.0,4.0,3.0,1.0,1.0,0.0,4.0,4.0,13.0,10.0,8.0,7.0,7.0
94.0,98.0,26,1,0.6,0.5454545454545454,44,15.0,5.0,17.0,6.0,6.0,26.0,16.0,19.0,23.0,20.0,6.0,2.0,7.0,3.0,3.0,12.0,4.0,11.0,8.0,6.0,50.0,50.0,63.6,37.5,50.0,3.0,0.0,2.0,0.0,0.0,4.0,0.0,2.0,0.0,0.0,75.0,0.0,100.0,0.0,0.0,0.0,1.0,1.0,0.0,0.0,3.0,2.0,3.0,0.0,1.0,0.0,50.0,33.3,0.0,0.0,2.0,1.0,1.0,1.0,0.0,2.0,6.0,2.0,4.0,1.0,4.0,7.0,3.0,5.0,1.0,5.0,0.0,0.0,7.0,4.0,2.0,1.0,1.0,2.0,2.0,2.0,0.0,0.0,0.0,0.0,2.0,0.0,0.0,0.0,1.0,0.0,1.0,1.0,0.0,0.0,18.0,15.0,14.0,11.0,6.0,15.0,20.0,15.0,17.0,7.0,24.0,36.0,38.0,44.0,29.0,5.0,8.0,5.0,5.0,3.0,12.0,17.0,18.0,11.0,6.0,41.7,47.1,27.8,45.5,50.0,3.0,0.0,3.0,4.0,1.0,6.0,0.0,5.0,4.0,1.0,50.0,0.0,60.0,100.0,100.0,2.0,4.0,2.0,3.0,0.0,8.0,10.0,9.0,4.0,0.0,25.0,40.0,22.2,75.0,0.0,2.0,0.0,1.0,1.0,5.0,4.0,2.0,5.0,1.0,7.0,6.0,2.0,6.0,2.0,12.0,4.0,1.0,5.0,4.0,3.0,2.0,4.0,3.0,2.0,5.0,0.0,2.0,0.0,0.0,0.0,0.0,1.0,0.0,2.0,2.0,1.0,1.0,0.0,0.0,0.0,9.0,3.0,2.0,2.0,0.0
109.0,94.0,14,1,0.7,0.5555555555555556,45,0.0,2.0,4.0,9.0,24.0,4.0,14.0,10.0,21.0,41.0,0.0,1.0,2.0,2.0,8.0,0.0,2.0,3.0,4.0,19.0,0.0,50.0,66.7,50.0,42.1,0.0,0.0,0.0,4.0,3.0,0.0,0.0,0.0,4.0,3.0,0.0,0.0,0.0,100.0,100.0,0.0,0.0,0.0,1.0,5.0,0.0,1.0,0.0,2.0,12.0,0.0,0.0,0.0,50.0,41.7,0.0,0.0,0.0,1.0,0.0,1.0,2.0,1.0,4.0,3.0,1.0,2.0,1.0,5.0,3.0,1.0,2.0,1.0,0.0,12.0,0.0,0.0,2.0,2.0,3.0,0.0,0.0,1.0,0.0,1.0,0.0,0.0,0.0,0.0,1.0,0.0,0.0,2.0,2.0,0.0,4.0,1.0,-5.0,-6.0,-7.0,15.0,31.0,7.0,30.0,10.0,43.0,34.0,41.0,37.0,30.0,5.0,11.0,3.0,11.0,5.0,10.0,19.0,5.0,21.0,11.0,50.0,57.9,60.0,52.4,45.5,3.0,5.0,1.0,4.0,0.0,3.0,6.0,1.0,7.0,0.0,100.0,83.3,100.0,57.1,0.0,2.0,4.0,0.0,4.0,0.0,5.0,8.0,0.0,9.0,2.0,40.0,50.0,0.0,44.4,0.0,0.0,2.0,2.0,0.0,5.0,5.0,6.0,9.0,3.0,9.0,5.0,8.0,11.0,3.0,14.0,0.0,4.0,5.0,7.0,1.0,2.0,4.0,4.0,2.0,2.0,4.0,0.0,2.0,0.0,0.0,1.0,4.0,2.0,2.0,0.0,1.0,1.0,2.0,0.0,0.0,24.0,15.0,13.0,12.0,10.0
113.0,109.0,41,1,0.7,0.5652173913043478,46,10.0,5.0,20.0,0.0,0.0,17.0,17.0,39.0,0.0,6.0,4.0,1.0,10.0,0.0,0.0,5.0,4.0,16.0,0.0,0.0,80.0,25.0,62.5,0.0,0.0,0.0,2.0,0.0,0.0,0.0,0.0,2.0,5.0,0.0,0.0,0.0,100.0,0.0,0.0,0.0,2.0,1.0,0.0,0.0,0.0,3.0,3.0,0.0,0.0,0.0,66.7,33.3,0.0,0.0,0.0,0.0,0.0,6.0,0.0,0.0,4.0,3.0,5.0,0.0,3.0,4.0,3.0,11.0,0.0,3.0,0.0,2.0,2.0,0.0,2.0,0.0,3.0,3.0,0.0,1.0,0.0,0.0,2.0,0.0,0.0,0.0,0.0,3.0,0.0,1.0,0.0,0.0,3.0,0.0,0.0,6.0,4.0,2.0,0.0,0.0,19.0,19.0,41.0,6.0,21.0,38.0,43.0,40.0,39.0,39.0,6.0,6.0,14.0,3.0,8.0,15.0,9.0,27.0,5.0,17.0,40.0,66.7,51.9,60.0,47.1,2.0,4.0,11.0,0.0,2.0,2.0,4.0,13.0,0.0,4.0,100.0,100.0,84.6,0.0,50.0,5.0,3.0,2.0,0.0,3.0,12.0,5.0,4.0,0.0,8.0,41.7,60.0,50.0,0.0,37.5,0.0,0.0,1.0,5.0,1.0,3.0,7.0,7.0,12.0,7.0,3.0,7.0,8.0,17.0,8.0,3.0,1.0,8.0,3.0,5.0,4.0,3.0,2.0,2.0,2.0,0.0,0.0,2.0,2.0,0.0,3.0,1.0,6.0,2.0,5.0,1.0,2.0,1.0,1.0,0.0,15.0,12.0,10.0,8.0,1.0
126.0,100.0,38,1,0.7,0.574468085106383,47,2.0,2.0,3.0,11.0,5.0,4.0,4.0,4.0,16.0,12.0,1.0,0.0,1.0,4.0,2.0,4.0,3.0,1.0,7.0,5.0,25.0,0.0,100.0,57.1,40.0,0.0,2.0,0.0,0.0,1.0,0.0,2.0,0.0,0.0,2.0,0.0,100.0,0.0,0.0,50.0,0.0,0.0,1.0,3.0,0.0,2.0,1.0,1.0,6.0,1.0,0.0,0.0,100.0,50.0,0.0,0.0,2.0,0.0,0.0,2.0,0.0,0.0,0.0,2.0,0.0,0.0,2.0,0.0,2.0,2.0,0.0,0.0,0.0,1.0,1.0,0.0,0.0,0.0,1.0,2.0,0.0,0.0,0.0,1.0,0.0,0.0,0.0,0.0,0.0,0.0,0.0,0.0,0.0,0.0,0.0,-2.0,-2.0,-2.0,-2.0,-4.0,38.0,14.0,10.0,18.0,1.0,35.0,37.0,26.0,32.0,23.0,13.0,5.0,3.0,7.0,0.0,23.0,11.0,5.0,13.0,1.0,56.5,45.5,60.0,53.8,0.0,7.0,4.0,2.0,1.0,1.0,7.0,4.0,2.0,2.0,2.0,100.0,100.0,100.0,50.0,50.0,5.0,0.0,2.0,3.0,0.0,11.0,3.0,3.0,7.0,0.0,45.5,0.0,66.7,42.9,0.0,1.0,0.0,1.0,7.0,0.0,4.0,7.0,8.0,9.0,4.0,5.0,7.0,9.0,16.0,4.0,9.0,1.0,1.0,10.0,1.0,3.0,2.0,1.0,3.0,2.0,1.0,1.0,0.0,0.0,0.0,3.0,1.0,3.0,7.0,0.0,0.0,3.0,1.0,0.0,0.0,22.0,20.0,20.0,16.0,13.0
108.0,103.0,4,0,0.7,0.5833333333333334,48,0.0,5.0,19.0,36.0,14.0,19.0,37.0,25.0,37.0,22.0,0.0,2.0,7.0,14.0,6.0,4.0,10.0,14.0,26.0,11.0,0.0,20.0,50.0,53.8,54.5,0.0,0.0,1.0,1.0,2.0,0.0,0.0,1.0,2.0,2.0,0.0,0.0,100.0,50.0,100.0,0.0,1.0,4.0,7.0,0.0,4.0,7.0,6.0,13.0,3.0,0.0,14.3,66.7,53.8,0.0,0.0,2.0,2.0,0.0,0.0,0.0,0.0,3.0,5.0,1.0,0.0,2.0,5.0,5.0,1.0,4.0,7.0,2.0,5.0,2.0,1.0,3.0,1.0,2.0,3.0,0.0,1.0,0.0,1.0,0.0,1.0,2.0,0.0,0.0,1.0,0.0,1.0,0.0,0.0,1.0,7.0,4.0,1.0,0.0,-3.0,6.0,10.0,2.0,30.0,5.0,21.0,33.0,28.0,36.0,20.0,3.0,3.0,1.0,11.0,2.0,6.0,8.0,7.0,22.0,5.0,50.0,37.5,14.3,50.0,40.0,0.0,4.0,0.0,6.0,0.0,0.0,4.0,0.0,7.0,0.0,0.0,100.0,0.0,85.7,0.0,0.0,0.0,0.0,2.0,1.0,1.0,1.0,3.0,7.0,4.0,0.0,0.0,0.0,28.6,25.0,4.0,1.0,1.0,0.0,0.0,5.0,4.0,4.0,3.0,1.0,9.0,5.0,5.0,3.0,1.0,2.0,1.0,1.0,4.0,2.0,1.0,2.0,1.0,2.0,2.0,0.0,4.0,2.0,0.0,1.0,0.0,3.0,1.0,2.0,0.0,0.0,2.0,1.0,0.0,0.0,13.0,11.0,9.0,7.0,5.0
122.0,84.0,9,1,0.7,0.5918367346938775,49,0.0,2.0,0.0,3.0,4.0,7.0,7.0,5.0,5.0,12.0,0.0,1.0,0.0,1.0,2.0,3.0,3.0,2.0,2.0,4.0,0.0,33.3,0.0,50.0,50.0,0.0,0.0,0.0,0.0,0.0,0.0,0.0,0.0,0.0,0.0,0.0,0.0,0.0,0.0,0.0,0.0,0.0,0.0,1.0,0.0,3.0,2.0,1.0,2.0,2.0,0.0,0.0,0.0,50.0,0.0,0.0,0.0,0.0,0.0,0.0,1.0,0.0,1.0,0.0,1.0,1.0,0.0,1.0,0.0,1.0,0.0,2.0,0.0,0.0,0.0,1.0,0.0,0.0,2.0,2.0,0.0,0.0,0.0,0.0,1.0,2.0,0.0,0.0,0.0,0.0,0.0,0.0,0.0,0.0,0.0,-1.0,-1.0,-3.0,-3.0,-6.0,26.0,16.0,17.0,21.0,2.0,29.0,26.0,30.0,27.0,25.0,10.0,5.0,7.0,7.0,1.0,18.0,10.0,15.0,10.0,1.0,55.6,50.0,46.7,70.0,100.0,3.0,2.0,2.0,6.0,0.0,5.0,2.0,2.0,6.0,0.0,60.0,100.0,100.0,100.0,0.0,3.0,4.0,1.0,1.0,0.0,9.0,9.0,5.0,2.0,0.0,33.3,44.4,20.0,50.0,0.0,0.0,2.0,3.0,0.0,1.0,2.0,1.0,4.0,1.0,7.0,2.0,3.0,7.0,1.0,8.0,1.0,6.0,8.0,4.0,0.0,2.0,2.0,2.0,0.0,4.0,6.0,1.0,1.0,0.0,0.0,1.0,0.0,2.0,2.0,1.0,0.0,0.0,0.0,0.0,1.0,38.0,27.0,25.0,24.0,20.0
125.0,109.0,20,1,0.7,0.6,50,8.0,0.0,0.0,6.0,2.0,21.0,1.0,1.0,16.0,14.0,3.0,0.0,0.0,2.0,1.0,5.0,0.0,0.0,4.0,2.0,60.0,0.0,0.0,50.0,50.0,0.0,0.0,0.0,1.0,0.0,0.0,0.0,0.0,2.0,0.0,0.0,0.0,0.0,50.0,0.0,2.0,0.0,0.0,1.0,0.0,4.0,0.0,0.0,3.0,1.0,50.0,0.0,0.0,33.3,0.0,1.0,0.0,0.0,0.0,0.0,3.0,0.0,0.0,3.0,2.0,4.0,0.0,0.0,3.0,2.0,2.0,0.0,0.0,0.0,2.0,2.0,0.0,0.0,2.0,0.0,0.0,0.0,0.0,0.0,0.0,0.0,0.0,0.0,0.0,0.0,2.0,0.0,0.0,1.0,0.0,4.0,4.0,4.0,-2.0,-3.0,14.0,32.0,4.0,19.0,12.0,32.0,38.0,31.0,34.0,24.0,5.0,12.0,2.0,8.0,3.0,7.0,22.0,7.0,14.0,6.0,71.4,54.5,28.6,57.1,50.0,2.0,4.0,0.0,1.0,4.0,2.0,5.0,0.0,3.0,8.0,100.0,80.0,0.0,33.3,50.0,2.0,4.0,0.0,2.0,2.0,3.0,8.0,0.0,5.0,5.0,66.7,50.0,0.0,40.0,40.0,1.0,0.0,3.0,0.0,1.0,8.0,5.0,7.0,1.0,3.0,9.0,5.0,10.0,1.0,4.0,5.0,8.0,1.0,4.0,1.0,1.0,2.0,2.0,2.0,2.0,0.0,1.0,1.0,2.0,1.0,1.0,0.0,0.0,1.0,0.0,0.0,1.0,2.0,0.0,0.0,30.0,24.0,19.0,13.0,10.0
113.0,92.0,5,0,0.8,0.6078431372549019,51,0.0,6.0,14.0,1.0,0.0,12.0,12.0,31.0,2.0,2.0,0.0,2.0,5.0,0.0,0.0,0.0,5.0,10.0,2.0,1.0,0.0,40.0,50.0,0.0,0.0,0.0,0.0,1.0,1.0,0.0,0.0,0.0,1.0,2.0,0.0,0.0,0.0,100.0,50.0,0.0,0.0,2.0,3.0,0.0,0.0,0.0,4.0,5.0,1.0,1.0,0.0,50.0,60.0,0.0,0.0,0.0,0.0,0.0,1.0,0.0,3.0,0.0,6.0,0.0,0.0,3.0,0.0,6.0,1.0,0.0,1.0,0.0,8.0,0.0,0.0,0.0,0.0,2.0,0.0,1.0,0.0,0.0,1.0,0.0,0.0,0.0,0.0,5.0,0.0,0.0,0.0,0.0,0.0,0.0,0.0,1.0,1.0,-3.0,-3.0,-3.0,28.0,9.0,32.0,8.0,10.0,42.0,33.0,34.0,39.0,16.0,10.0,4.0,13.0,3.0,4.0,22.0,6.0,24.0,7.0,4.0,45.5,66.7,54.2,42.9,100.0,3.0,0.0,4.0,2.0,2.0,4.0,0.0,5.0,2.0,3.0,75.0,0.0,80.0,100.0,66.7,5.0,1.0,2.0,0.0,0.0,15.0,1.0,6.0,3.0,0.0,33.3,100.0,33.3,0.0,0.0,0.0,1.0,0.0,2.0,1.0,6.0,4.0,4.0,10.0,3.0,6.0,5.0,4.0,12.0,4.0,5.0,0.0,7.0,7.0,1.0,3.0,4.0,1.0,0.0,2.0,0.0,0.0,1.0,0.0,3.0,2.0,0.0,2.0,1.0,1.0,1.0,1.0,0.0,0.0,0.0,24.0,21.0,20.0,15.0,10.0
118.0,103.0,40,1,0.8,0.6153846153846154,52,3.0,14.0,6.0,6.0,22.0,13.0,29.0,17.0,16.0,28.0,1.0,5.0,3.0,2.0,7.0,1.0,10.0,5.0,4.0,13.0,100.0,50.0,60.0,50.0,53.8,0.0,0.0,0.0,2.0,6.0,0.0,0.0,0.0,2.0,8.0,0.0,0.0,0.0,100.0,75.0,1.0,4.0,0.0,0.0,2.0,1.0,8.0,0.0,0.0,4.0,100.0,50.0,0.0,0.0,50.0,0.0,2.0,2.0,3.0,2.0,1.0,3.0,1.0,4.0,1.0,1.0,5.0,3.0,7.0,3.0,0.0,1.0,6.0,0.0,7.0,0.0,1.0,2.0,0.0,2.0,1.0,0.0,1.0,0.0,0.0,0.0,1.0,3.0,1.0,2.0,0.0,1.0,0.0,4.0,0.0,4.0,0.0,-5.0,-5.0,-6.0,33.0,29.0,18.0,2.0,12.0,39.0,38.0,40.0,19.0,20.0,11.0,10.0,8.0,1.0,4.0,22.0,23.0,13.0,2.0,10.0,50.0,43.5,61.5,50.0,40.0,2.0,7.0,2.0,0.0,2.0,2.0,8.0,2.0,0.0,2.0,100.0,87.5,100.0,0.0,100.0,9.0,2.0,0.0,0.0,2.0,15.0,6.0,3.0,0.0,6.0,60.0,33.3,0.0,0.0,33.3,2.0,0.0,1.0,3.0,0.0,3.0,3.0,4.0,1.0,6.0,5.0,3.0,5.0,4.0,6.0,4.0,9.0,1.0,0.0,2.0,3.0,2.0,3.0,0.0,1.0,4.0,0.0,0.0,0.0,1.0,0.0,0.0,0.0,0.0,0.0,1.0,1.0,2.0,0.0,0.0,23.0,19.0,14.0,14.0,6.0
109.0,105.0,15,1,0.9,0.6226415094339622,53,15.0,12.0,5.0,17.0,20.0,22.0,22.0,22.0,37.0,24.0,6.0,4.0,2.0,6.0,9.0,10.0,10.0,4.0,13.0,11.0,60.0,40.0,50.0,46.2,81.8,1.0,2.0,0.0,2.0,0.0,1.0,2.0,0.0,2.0,1.0,100.0,100.0,0.0,100.0,0.0,2.0,2.0,1.0,3.0,2.0,6.0,2.0,3.0,6.0,3.0,33.3,100.0,33.3,50.0,66.7,0.0,2.0,0.0,1.0,1.0,4.0,1.0,6.0,5.0,8.0,4.0,3.0,6.0,6.0,9.0,5.0,2.0,1.0,1.0,0.0,1.0,0.0,4.0,6.0,0.0,0.0,1.0,3.0,1.0,2.0,1.0,1.0,2.0,2.0,1.0,2.0,2.0,0.0,0.0,2.0,5.0,3.0,3.0,2.0,2.0,16.0,12.0,12.0,40.0,5.0,29.0,36.0,43.0,37.0,38.0,6.0,6.0,5.0,15.0,0.0,13.0,8.0,16.0,30.0,6.0,46.2,75.0,31.3,50.0,0.0,1.0,0.0,2.0,9.0,5.0,1.0,1.0,4.0,11.0,6.0,100.0,0.0,50.0,81.8,83.3,3.0,0.0,0.0,1.0,0.0,8.0,0.0,3.0,6.0,3.0,37.5,0.0,0.0,16.7,0.0,0.0,8.0,8.0,1.0,3.0,1.0,11.0,8.0,4.0,9.0,1.0,19.0,16.0,5.0,12.0,0.0,6.0,0.0,1.0,3.0,1.0,2.0,4.0,3.0,3.0,2.0,0.0,4.0,0.0,0.0,1.0,1.0,2.0,2.0,2.0,0.0,1.0,2.0,0.0,1.0,10.0,9.0,7.0,4.0,0.0
105.0,113.0,17,1,0.8,0.6111111111111112,54,6.0,24.0,22.0,16.0,12.0,26.0,40.0,39.0,33.0,36.0,2.0,10.0,6.0,6.0,4.0,2.0,19.0,13.0,10.0,12.0,100.0,52.6,46.2,60.0,33.3,0.0,2.0,7.0,1.0,4.0,1.0,2.0,8.0,1.0,4.0,0.0,100.0,87.5,100.0,100.0,2.0,2.0,3.0,3.0,0.0,2.0,5.0,6.0,6.0,1.0,100.0,40.0,50.0,50.0,0.0,0.0,1.0,0.0,0.0,2.0,1.0,4.0,6.0,2.0,16.0,1.0,5.0,6.0,2.0,18.0,1.0,5.0,7.0,2.0,5.0,1.0,1.0,3.0,3.0,2.0,0.0,2.0,0.0,0.0,1.0,0.0,1.0,1.0,2.0,0.0,2.0,1.0,2.0,1.0,4.0,12.0,11.0,8.0,7.0,6.0,26.0,0.0,0.0,0.0,6.0,40.0,0.0,0.0,0.0,33.0,10.0,0.0,0.0,0.0,2.0,22.0,0.0,0.0,0.0,9.0,45.5,0.0,0.0,0.0,22.2,0.0,0.0,0.0,0.0,2.0,0.0,0.0,0.0,0.0,2.0,0.0,0.0,0.0,0.0,100.0,6.0,0.0,0.0,0.0,0.0,16.0,0.0,0.0,0.0,0.0,37.5,0.0,0.0,0.0,0.0,1.0,0.0,0.0,0.0,6.0,5.0,0.0,0.0,0.0,9.0,6.0,0.0,0.0,0.0,15.0,4.0,0.0,0.0,0.0,2.0,6.0,0.0,0.0,0.0,5.0,0.0,0.0,0.0,0.0,0.0,0.0,0.0,0.0,0.0,0.0,1.0,0.0,0.0,0.0,2.0,1.0,0.0,0.0,0.0,-3.0
123.0,113.0,19,1,0.8,0.6181818181818182,55,16.0,4.0,15.0,7.0,12.0,21.0,21.0,23.0,12.0,24.0,5.0,2.0,6.0,2.0,4.0,10.0,4.0,11.0,4.0,8.0,50.0,50.0,54.5,50.0,50.0,3.0,0.0,0.0,2.0,1.0,6.0,0.0,2.0,2.0,2.0,50.0,0.0,0.0,100.0,50.0,3.0,0.0,3.0,1.0,3.0,6.0,2.0,5.0,1.0,5.0,50.0,0.0,60.0,100.0,60.0,0.0,0.0,1.0,0.0,0.0,5.0,1.0,2.0,3.0,3.0,5.0,1.0,3.0,3.0,3.0,1.0,2.0,3.0,2.0,4.0,1.0,1.0,0.0,0.0,1.0,1.0,0.0,0.0,1.0,1.0,1.0,0.0,3.0,3.0,0.0,2.0,0.0,0.0,0.0,0.0,14.0,10.0,2.0,-1.0,-1.0,10.0,6.0,17.0,32.0,12.0,37.0,12.0,35.0,40.0,31.0,3.0,2.0,7.0,12.0,5.0,7.0,4.0,8.0,18.0,14.0,42.9,50.0,87.5,66.7,35.7,3.0,0.0,3.0,4.0,0.0,4.0,0.0,4.0,5.0,0.0,75.0,0.0,75.0,80.0,0.0,1.0,2.0,0.0,4.0,2.0,2.0,3.0,0.0,9.0,6.0,50.0,66.7,0.0,44.4,33.3,1.0,0.0,4.0,0.0,1.0,9.0,1.0,4.0,5.0,2.0,10.0,1.0,8.0,5.0,3.0,4.0,1.0,3.0,5.0,3.0,1.0,0.0,3.0,1.0,4.0,0.0,0.0,2.0,3.0,2.0,1.0,1.0,3.0,2.0,0.0,0.0,0.0,3.0,1.0,0.0,20.0,15.0,12.0,9.0,0.0
108.0,122.0,8,1,0.7,0.6071428571428571,56,39.0,18.0,2.0,16.0,19.0,40.0,30.0,27.0,36.0,30.0,13.0,5.0,1.0,7.0,7.0,24.0,7.0,2.0,17.0,14.0,54.2,71.4,50.0,41.2,50.0,6.0,7.0,0.0,0.0,0.0,7.0,7.0,2.0,0.0,0.0,85.7,100.0,0.0,0.0,0.0,7.0,1.0,0.0,2.0,5.0,14.0,3.0,1.0,6.0,10.0,50.0,33.3,0.0,33.3,50.0,0.0,1.0,1.0,0.0,0.0,8.0,4.0,3.0,5.0,2.0,8.0,5.0,4.0,5.0,2.0,11.0,3.0,3.0,6.0,2.0,1.0,1.0,1.0,3.0,1.0,4.0,0.0,1.0,0.0,0.0,3.0,0.0,1.0,2.0,0.0,1.0,0.0,4.0,0.0,0.0,18.0,15.0,13.0,12.0,11.0,0.0,2.0,10.0,21.0,3.0,22.0,12.0,15.0,45.0,22.0,0.0,1.0,4.0,9.0,1.0,3.0,2.0,5.0,22.0,5.0,0.0,50.0,80.0,40.9,20.0,0.0,0.0,2.0,1.0,0.0,0.0,0.0,2.0,1.0,0.0,0.0,0.0,100.0,100.0,0.0,0.0,0.0,0.0,2.0,1.0,1.0,1.0,0.0,10.0,3.0,0.0,0.0,0.0,20.0,33.3,2.0,1.0,2.0,4.0,1.0,2.0,1.0,2.0,2.0,1.0,4.0,2.0,4.0,6.0,2.0,1.0,1.0,2.0,5.0,0.0,4.0,0.0,2.0,1.0,4.0,0.0,0.0,2.0,2.0,0.0,1.0,0.0,2.0,2.0,0.0,0.0,0.0,0.0,0.0,1.0,8.0,-1.0,-10.0,-11.0,-11.0
111.0,125.0,15,1,0.6,0.5964912280701754,57,7.0,13.0,22.0,12.0,19.0,34.0,31.0,30.0,17.0,31.0,3.0,5.0,7.0,5.0,8.0,6.0,12.0,14.0,6.0,13.0,50.0,41.7,50.0,83.3,61.5,0.0,0.0,4.0,2.0,1.0,0.0,0.0,5.0,2.0,4.0,0.0,0.0,80.0,100.0,25.0,1.0,3.0,4.0,0.0,2.0,1.0,7.0,9.0,0.0,6.0,100.0,42.9,44.4,0.0,33.3,1.0,1.0,0.0,3.0,0.0,0.0,2.0,3.0,5.0,6.0,1.0,3.0,3.0,8.0,6.0,4.0,0.0,12.0,1.0,3.0,3.0,4.0,0.0,6.0,0.0,0.0,0.0,0.0,0.0,1.0,0.0,1.0,1.0,3.0,1.0,0.0,0.0,1.0,1.0,0.0,14.0,12.0,11.0,9.0,7.0,0.0,22.0,39.0,6.0,14.0,19.0,22.0,37.0,11.0,39.0,0.0,7.0,14.0,2.0,6.0,4.0,14.0,25.0,4.0,15.0,0.0,50.0,56.0,50.0,40.0,0.0,4.0,10.0,2.0,0.0,0.0,4.0,10.0,2.0,1.0,0.0,100.0,100.0,100.0,0.0,0.0,4.0,1.0,0.0,2.0,0.0,7.0,5.0,2.0,9.0,0.0,57.1,20.0,0.0,22.2,0.0,0.0,0.0,1.0,0.0,3.0,2.0,3.0,1.0,3.0,3.0,2.0,3.0,2.0,3.0,1.0,1.0,4.0,0.0,4.0,2.0,1.0,2.0,0.0,2.0,0.0,0.0,1.0,1.0,1.0,0.0,3.0,2.0,0.0,1.0,0.0,0.0,0.0,0.0,1.0,-1.0,-4.0,-7.0,-7.0,-9.0
103.0,105.0,14,0,0.5,0.5862068965517241,58,0.0,0.0,18.0,2.0,20.0,8.0,15.0,26.0,12.0,38.0,0.0,0.0,7.0,1.0,6.0,1.0,3.0,14.0,4.0,13.0,0.0,0.0,50.0,25.0,46.2,0.0,0.0,2.0,0.0,6.0,0.0,0.0,4.0,0.0,8.0,0.0,0.0,50.0,0.0,75.0,0.0,0.0,2.0,0.0,2.0,0.0,1.0,6.0,0.0,6.0,0.0,0.0,33.3,0.0,33.3,0.0,0.0,1.0,1.0,2.0,1.0,1.0,2.0,0.0,5.0,1.0,1.0,3.0,1.0,7.0,0.0,0.0,4.0,0.0,2.0,1.0,1.0,3.0,2.0,1.0,0.0,0.0,0.0,4.0,0.0,0.0,0.0,0.0,1.0,1.0,0.0,0.0,0.0,0.0,0.0,15.0,11.0,8.0,6.0,-2.0,4.0,8.0,17.0,23.0,0.0,29.0,39.0,42.0,41.0,5.0,2.0,4.0,7.0,9.0,0.0,3.0,8.0,11.0,21.0,1.0,66.7,50.0,63.6,42.9,0.0,0.0,0.0,0.0,0.0,0.0,0.0,1.0,0.0,0.0,0.0,0.0,0.0,0.0,0.0,0.0,0.0,0.0,3.0,5.0,0.0,0.0,1.0,5.0,14.0,0.0,0.0,0.0,60.0,35.7,0.0,3.0,9.0,2.0,2.0,2.0,4.0,8.0,9.0,3.0,0.0,7.0,17.0,11.0,5.0,2.0,0.0,0.0,5.0,4.0,1.0,4.0,4.0,3.0,3.0,2.0,0.0,0.0,2.0,2.0,0.0,1.0,3.0,2.0,3.0,0.0,0.0,3.0,0.0,0.0,0.0,7.0,3.0,2.0,2.0,1.0
100.0,118.0,26,0,0.4,0.576271186440678,59,21.0,10.0,11.0,8.0,6.0,32.0,13.0,25.0,15.0,20.0,7.0,4.0,5.0,4.0,2.0,13.0,5.0,8.0,5.0,3.0,53.8,80.0,62.5,80.0,66.7,6.0,2.0,1.0,0.0,0.0,6.0,2.0,1.0,0.0,0.0,100.0,100.0,100.0,0.0,0.0,1.0,0.0,0.0,0.0,2.0,4.0,0.0,1.0,0.0,3.0,25.0,0.0,0.0,0.0,66.7,0.0,0.0,0.0,3.0,0.0,3.0,2.0,2.0,2.0,2.0,3.0,2.0,2.0,5.0,2.0,6.0,1.0,1.0,2.0,5.0,3.0,2.0,1.0,1.0,2.0,3.0,1.0,0.0,0.0,1.0,1.0,2.0,1.0,2.0,0.0,1.0,1.0,2.0,1.0,1.0,25.0,24.0,21.0,16.0,12.0,0.0,33.0,23.0,0.0,4.0,5.0,35.0,43.0,9.0,30.0,0.0,11.0,8.0,0.0,2.0,0.0,21.0,16.0,0.0,8.0,0.0,52.4,50.0,0.0,25.0,0.0,6.0,6.0,0.0,0.0,0.0,7.0,7.0,0.0,0.0,0.0,85.7,85.7,0.0,0.0,0.0,5.0,1.0,0.0,0.0,0.0,8.0,2.0,0.0,4.0,0.0,62.5,50.0,0.0,0.0,0.0,1.0,10.0,0.0,0.0,0.0,0.0,4.0,0.0,3.0,0.0,1.0,14.0,0.0,3.0,0.0,6.0,5.0,0.0,2.0,0.0,0.0,1.0,0.0,1.0,0.0,2.0,0.0,1.0,2.0,0.0,3.0,1.0,1.0,2.0,0.0,0.0,0.0,0.0,0.0,5.0,-2.0,-4.0,-4.0,-13.0
110.0,96.0,27,0,0.4,0.5833333333333334,60,11.0,0.0,0.0,14.0,6.0,25.0,1.0,1.0,33.0,21.0,5.0,0.0,0.0,5.0,3.0,7.0,0.0,0.0,15.0,5.0,71.4,0.0,0.0,33.3,60.0,0.0,0.0,0.0,0.0,0.0,0.0,0.0,0.0,0.0,0.0,0.0,0.0,0.0,0.0,0.0,1.0,0.0,0.0,4.0,0.0,2.0,0.0,0.0,9.0,0.0,50.0,0.0,0.0,44.4,0.0,1.0,0.0,0.0,0.0,2.0,3.0,0.0,0.0,2.0,5.0,4.0,0.0,0.0,2.0,7.0,5.0,0.0,0.0,6.0,1.0,3.0,0.0,0.0,2.0,1.0,0.0,0.0,0.0,1.0,1.0,3.0,1.0,0.0,2.0,0.0,0.0,0.0,0.0,1.0,1.0,4.0,0.0,0.0,-1.0,-1.0,21.0,18.0,18.0,16.0,4.0,39.0,38.0,44.0,35.0,18.0,5.0,7.0,7.0,6.0,1.0,18.0,9.0,13.0,15.0,2.0,27.8,77.8,53.8,40.0,50.0,11.0,3.0,2.0,0.0,2.0,11.0,7.0,2.0,0.0,2.0,100.0,42.9,100.0,0.0,100.0,0.0,1.0,2.0,4.0,0.0,4.0,2.0,5.0,11.0,0.0,0.0,50.0,40.0,36.4,0.0,0.0,4.0,1.0,0.0,5.0,2.0,7.0,11.0,3.0,5.0,2.0,11.0,12.0,3.0,10.0,12.0,2.0,3.0,3.0,2.0,2.0,3.0,2.0,1.0,2.0,2.0,2.0,0.0,2.0,0.0,7.0,2.0,3.0,2.0,0.0,1.0,1.0,1.0,2.0,1.0,20.0,15.0,13.0,13.0,5.0
102.0,116.0,2,1,0.3,0.5737704918032787,61,19.0,30.0,12.0,22.0,10.0,43.0,35.0,35.0,32.0,26.0,7.0,13.0,5.0,7.0,5.0,15.0,24.0,10.0,11.0,7.0,46.7,54.2,50.0,63.6,71.4,3.0,1.0,0.0,5.0,0.0,4.0,3.0,0.0,5.0,0.0,75.0,33.3,0.0,100.0,0.0,2.0,3.0,2.0,3.0,0.0,8.0,9.0,6.0,4.0,0.0,25.0,33.3,33.3,75.0,0.0,1.0,0.0,0.0,2.0,4.0,5.0,8.0,1.0,2.0,3.0,6.0,8.0,1.0,4.0,7.0,6.0,3.0,6.0,4.0,0.0,3.0,2.0,2.0,3.0,2.0,2.0,1.0,2.0,0.0,0.0,4.0,0.0,1.0,1.0,0.0,1.0,0.0,1.0,1.0,1.0,15.0,15.0,14.0,12.0,11.0,11.0,0.0,0.0,12.0,0.0,16.0,1.0,1.0,32.0,14.0,5.0,0.0,0.0,4.0,0.0,7.0,0.0,1.0,12.0,0.0,71.4,0.0,0.0,33.3,0.0,0.0,0.0,0.0,0.0,0.0,0.0,0.0,0.0,0.0,0.0,0.0,0.0,0.0,0.0,0.0,1.0,0.0,0.0,4.0,0.0,2.0,0.0,1.0,8.0,0.0,50.0,0.0,0.0,50.0,0.0,1.0,0.0,0.0,2.0,0.0,2.0,0.0,0.0,2.0,2.0,3.0,0.0,0.0,4.0,2.0,1.0,0.0,0.0,0.0,0.0,1.0,0.0,0.0,4.0,0.0,0.0,0.0,0.0,0.0,0.0,1.0,0.0,0.0,0.0,0.0,0.0,0.0,0.0,1.0,0.0,4.0,2.0,2.0,-5.0,-5.0
113.0,111.0,10,1,0.3,0.5806451612903226,62,14.0,7.0,11.0,32.0,7.0,24.0,36.0,31.0,36.0,20.0,3.0,3.0,4.0,10.0,3.0,10.0,5.0,11.0,19.0,5.0,30.0,60.0,36.4,52.6,60.0,7.0,0.0,3.0,7.0,0.0,7.0,2.0,4.0,8.0,0.0,100.0,0.0,75.0,87.5,0.0,1.0,1.0,0.0,5.0,1.0,4.0,3.0,0.0,7.0,3.0,25.0,33.3,0.0,71.4,33.3,1.0,0.0,5.0,2.0,0.0,1.0,4.0,11.0,3.0,0.0,2.0,4.0,16.0,5.0,0.0,3.0,3.0,4.0,8.0,1.0,1.0,3.0,2.0,1.0,3.0,1.0,3.0,1.0,0.0,2.0,1.0,4.0,0.0,5.0,2.0,0.0,0.0,1.0,2.0,0.0,4.0,3.0,3.0,3.0,-1.0,4.0,7.0,6.0,35.0,2.0,34.0,14.0,27.0,40.0,20.0,2.0,3.0,2.0,11.0,1.0,7.0,9.0,5.0,26.0,2.0,28.6,33.3,40.0,42.3,50.0,0.0,0.0,2.0,10.0,0.0,0.0,1.0,2.0,11.0,0.0,0.0,0.0,100.0,90.9,0.0,0.0,1.0,0.0,3.0,0.0,1.0,3.0,0.0,11.0,0.0,0.0,33.3,0.0,27.3,0.0,4.0,1.0,4.0,0.0,4.0,7.0,0.0,4.0,1.0,2.0,11.0,1.0,8.0,1.0,6.0,1.0,1.0,4.0,12.0,2.0,3.0,1.0,2.0,3.0,0.0,2.0,1.0,0.0,2.0,0.0,2.0,2.0,1.0,4.0,1.0,2.0,0.0,1.0,0.0,0.0,9.0,8.0,5.0,3.0,2.0
92.0,115.0,23,1,0.3,0.5714285714285714,63,7.0,15.0,26.0,24.0,3.0,23.0,34.0,36.0,34.0,28.0,2.0,4.0,9.0,9.0,1.0,6.0,6.0,14.0,18.0,4.0,33.3,66.7,64.3,50.0,25.0,3.0,4.0,2.0,3.0,0.0,4.0,4.0,3.0,3.0,0.0,75.0,100.0,66.7,100.0,0.0,0.0,3.0,6.0,3.0,1.0,0.0,4.0,11.0,7.0,3.0,0.0,75.0,54.5,42.9,33.3,2.0,0.0,2.0,0.0,1.0,7.0,1.0,5.0,6.0,3.0,9.0,1.0,7.0,6.0,4.0,1.0,1.0,4.0,5.0,3.0,1.0,3.0,3.0,3.0,0.0,0.0,2.0,1.0,0.0,1.0,0.0,1.0,0.0,5.0,1.0,0.0,0.0,0.0,2.0,0.0,18.0,17.0,17.0,15.0,13.0,0.0,2.0,0.0,0.0,20.0,3.0,16.0,3.0,3.0,29.0,0.0,1.0,0.0,0.0,6.0,0.0,7.0,1.0,1.0,14.0,0.0,14.3,0.0,0.0,42.9,0.0,0.0,0.0,0.0,4.0,0.0,0.0,0.0,0.0,4.0,0.0,0.0,0.0,0.0,100.0,0.0,0.0,0.0,0.0,4.0,0.0,2.0,1.0,1.0,10.0,0.0,0.0,0.0,0.0,40.0,0.0,0.0,0.0,0.0,3.0,1.0,2.0,0.0,0.0,1.0,1.0,2.0,0.0,0.0,4.0,1.0,1.0,0.0,0.0,5.0,0.0,0.0,0.0,0.0,4.0,0.0,0.0,0.0,0.0,1.0,0.0,0.0,0.0,0.0,4.0,0.0,1.0,0.0,0.0,0.0,-1.0,-1.0,-1.0,-1.0,-9.0
99.0,110.0,11,1,0.2,0.5625,64,8.0,31.0,7.0,25.0,2.0,26.0,32.0,27.0,30.0,32.0,3.0,11.0,3.0,12.0,1.0,9.0,26.0,4.0,19.0,6.0,33.3,42.3,75.0,63.2,16.7,2.0,1.0,1.0,1.0,0.0,4.0,1.0,2.0,2.0,1.0,50.0,100.0,50.0,50.0,0.0,0.0,8.0,0.0,0.0,0.0,5.0,18.0,0.0,1.0,4.0,0.0,44.4,0.0,0.0,0.0,0.0,2.0,4.0,5.0,1.0,4.0,9.0,6.0,3.0,2.0,4.0,11.0,10.0,8.0,3.0,1.0,1.0,6.0,2.0,4.0,1.0,0.0,3.0,3.0,1.0,1.0,1.0,0.0,2.0,1.0,0.0,3.0,2.0,1.0,0.0,1.0,0.0,1.0,2.0,0.0,23.0,20.0,19.0,19.0,17.0,10.0,5.0,14.0,4.0,14.0,22.0,11.0,22.0,18.0,47.0,3.0,2.0,6.0,0.0,4.0,3.0,6.0,8.0,7.0,17.0,100.0,33.3,75.0,0.0,23.5,4.0,0.0,0.0,4.0,3.0,5.0,0.0,0.0,4.0,4.0,80.0,0.0,0.0,100.0,75.0,0.0,1.0,2.0,0.0,3.0,0.0,3.0,3.0,4.0,9.0,0.0,33.3,66.7,0.0,33.3,2.0,1.0,0.0,0.0,4.0,3.0,1.0,2.0,3.0,14.0,5.0,2.0,2.0,3.0,18.0,3.0,1.0,1.0,1.0,7.0,1.0,0.0,2.0,0.0,2.0,0.0,0.0,3.0,0.0,2.0,0.0,0.0,0.0,1.0,0.0,0.0,0.0,0.0,0.0,0.0,6.0,6.0,2.0,0.0,-11.0
107.0,98.0,7,0,0.3,0.5692307692307692,65,21.0,4.0,17.0,18.0,0.0,29.0,8.0,34.0,36.0,20.0,7.0,2.0,7.0,8.0,0.0,13.0,4.0,13.0,13.0,4.0,53.8,50.0,53.8,61.5,0.0,0.0,0.0,0.0,2.0,0.0,0.0,0.0,1.0,4.0,0.0,0.0,0.0,0.0,50.0,0.0,7.0,0.0,3.0,0.0,0.0,13.0,0.0,8.0,0.0,4.0,53.8,0.0,37.5,0.0,0.0,1.0,0.0,2.0,1.0,0.0,2.0,1.0,3.0,6.0,3.0,3.0,1.0,5.0,7.0,3.0,2.0,2.0,4.0,6.0,2.0,3.0,0.0,1.0,1.0,0.0,0.0,1.0,2.0,1.0,0.0,0.0,0.0,1.0,1.0,1.0,0.0,0.0,1.0,1.0,2.0,0.0,-3.0,-4.0,-5.0,-5.0,0.0,13.0,14.0,16.0,28.0,21.0,45.0,22.0,47.0,39.0,0.0,5.0,6.0,6.0,11.0,0.0,12.0,8.0,15.0,22.0,0.0,41.7,75.0,40.0,50.0,0.0,0.0,1.0,0.0,0.0,0.0,0.0,3.0,0.0,0.0,0.0,0.0,33.3,0.0,0.0,0.0,3.0,1.0,4.0,6.0,0.0,6.0,1.0,9.0,14.0,0.0,50.0,100.0,44.4,42.9,3.0,1.0,3.0,0.0,1.0,3.0,18.0,1.0,1.0,5.0,6.0,19.0,4.0,1.0,6.0,1.0,10.0,0.0,5.0,4.0,1.0,2.0,3.0,2.0,2.0,1.0,2.0,2.0,0.0,3.0,0.0,2.0,2.0,0.0,1.0,2.0,2.0,3.0,0.0,1.0,17.0,16.0,12.0,11.0,9.0
100.0,116.0,1,1,0.3,0.5606060606060606,66,26.0,5.0,5.0,13.0,22.0,38.0,30.0,11.0,25.0,25.0,12.0,1.0,2.0,5.0,9.0,17.0,6.0,2.0,11.0,14.0,70.6,16.7,100.0,45.5,64.3,0.0,2.0,1.0,3.0,2.0,0.0,2.0,2.0,4.0,4.0,0.0,100.0,50.0,75.0,50.0,2.0,1.0,0.0,0.0,2.0,3.0,6.0,0.0,0.0,5.0,66.7,16.7,0.0,0.0,40.0,1.0,0.0,0.0,3.0,0.0,8.0,1.0,1.0,6.0,3.0,9.0,1.0,1.0,9.0,3.0,7.0,4.0,4.0,3.0,0.0,4.0,0.0,2.0,2.0,0.0,1.0,2.0,0.0,0.0,1.0,1.0,3.0,0.0,1.0,0.0,0.0,1.0,0.0,1.0,0.0,23.0,19.0,14.0,13.0,13.0,15.0,4.0,11.0,19.0,11.0,24.0,26.0,46.0,31.0,12.0,7.0,2.0,4.0,6.0,5.0,8.0,2.0,15.0,18.0,14.0,87.5,100.0,26.7,33.3,35.7,1.0,0.0,0.0,3.0,0.0,1.0,0.0,0.0,3.0,1.0,100.0,0.0,0.0,100.0,0.0,0.0,0.0,3.0,4.0,1.0,0.0,0.0,10.0,11.0,7.0,0.0,0.0,30.0,36.4,14.3,1.0,6.0,2.0,1.0,1.0,5.0,3.0,0.0,2.0,1.0,6.0,9.0,2.0,3.0,2.0,2.0,1.0,9.0,0.0,1.0,1.0,1.0,5.0,5.0,0.0,1.0,1.0,1.0,0.0,1.0,0.0,1.0,1.0,2.0,0.0,1.0,0.0,1.0,0.0,0.0,3.0,0.0,-7.0,-10.0,-12.0
98.0,74.0,26,1,0.4,0.5671641791044776,67,4.0,11.0,1.0,2.0,2.0,12.0,16.0,17.0,9.0,3.0,1.0,4.0,0.0,1.0,1.0,2.0,6.0,0.0,4.0,3.0,50.0,66.7,0.0,25.0,33.3,2.0,2.0,1.0,0.0,0.0,2.0,2.0,2.0,0.0,0.0,100.0,100.0,50.0,0.0,0.0,0.0,1.0,0.0,0.0,0.0,0.0,2.0,0.0,1.0,2.0,0.0,50.0,0.0,0.0,0.0,0.0,2.0,0.0,0.0,0.0,1.0,4.0,1.0,1.0,1.0,1.0,6.0,1.0,1.0,1.0,1.0,0.0,1.0,0.0,0.0,1.0,0.0,0.0,1.0,0.0,0.0,1.0,2.0,0.0,0.0,1.0,0.0,0.0,1.0,0.0,0.0,2.0,0.0,0.0,0.0,4.0,2.0,2.0,0.0,-1.0,15.0,11.0,26.0,19.0,5.0,39.0,42.0,29.0,42.0,20.0,6.0,3.0,11.0,8.0,2.0,16.0,13.0,19.0,12.0,3.0,37.5,23.1,57.9,66.7,66.7,1.0,2.0,0.0,0.0,1.0,2.0,2.0,0.0,0.0,1.0,50.0,100.0,0.0,0.0,100.0,2.0,3.0,4.0,3.0,0.0,4.0,10.0,7.0,5.0,0.0,50.0,30.0,57.1,60.0,0.0,3.0,0.0,0.0,2.0,2.0,11.0,4.0,3.0,5.0,4.0,14.0,4.0,3.0,7.0,6.0,4.0,6.0,2.0,4.0,2.0,2.0,1.0,2.0,2.0,3.0,2.0,2.0,0.0,0.0,1.0,3.0,5.0,1.0,2.0,2.0,5.0,1.0,0.0,0.0,3.0,25.0,24.0,23.0,23.0,14.0
73.0,79.0,27,1,0.4,0.5588235294117647,68,16.0,0.0,13.0,7.0,11.0,26.0,31.0,28.0,30.0,38.0,6.0,0.0,5.0,3.0,5.0,9.0,2.0,8.0,13.0,14.0,66.7,0.0,62.5,23.1,35.7,0.0,0.0,1.0,0.0,1.0,0.0,0.0,2.0,0.0,3.0,0.0,0.0,50.0,0.0,33.3,4.0,0.0,2.0,1.0,0.0,6.0,2.0,2.0,6.0,4.0,66.7,0.0,100.0,16.7,0.0,2.0,0.0,3.0,0.0,2.0,5.0,5.0,4.0,1.0,10.0,7.0,5.0,7.0,1.0,12.0,3.0,3.0,1.0,5.0,2.0,1.0,2.0,3.0,4.0,1.0,1.0,2.0,0.0,0.0,2.0,1.0,1.0,1.0,2.0,3.0,0.0,0.0,4.0,1.0,0.0,19.0,18.0,13.0,12.0,-3.0,3.0,8.0,19.0,15.0,9.0,24.0,36.0,32.0,36.0,43.0,1.0,2.0,6.0,6.0,4.0,1.0,8.0,22.0,17.0,13.0,100.0,25.0,27.3,35.3,30.8,1.0,3.0,6.0,0.0,0.0,2.0,4.0,8.0,0.0,0.0,50.0,75.0,75.0,0.0,0.0,0.0,1.0,1.0,3.0,1.0,0.0,3.0,9.0,12.0,7.0,0.0,33.3,11.1,25.0,14.3,5.0,3.0,2.0,2.0,3.0,5.0,6.0,1.0,7.0,8.0,10.0,9.0,3.0,9.0,11.0,4.0,0.0,8.0,3.0,2.0,3.0,2.0,1.0,3.0,2.0,0.0,2.0,0.0,2.0,2.0,0.0,3.0,2.0,4.0,6.0,0.0,3.0,0.0,1.0,0.0,10.0,4.0,2.0,1.0,-2.0
106.0,79.0,27,1,0.4,0.5652173913043478,69,9.0,4.0,0.0,0.0,0.0,24.0,6.0,11.0,8.0,21.0,4.0,1.0,0.0,0.0,0.0,11.0,3.0,2.0,1.0,4.0,36.4,33.3,0.0,0.0,0.0,0.0,2.0,0.0,0.0,0.0,0.0,2.0,0.0,0.0,0.0,0.0,100.0,0.0,0.0,0.0,1.0,0.0,0.0,0.0,0.0,7.0,0.0,0.0,1.0,3.0,14.3,0.0,0.0,0.0,0.0,1.0,0.0,0.0,0.0,0.0,3.0,0.0,0.0,1.0,2.0,4.0,0.0,0.0,1.0,2.0,4.0,0.0,0.0,0.0,0.0,1.0,0.0,0.0,0.0,1.0,0.0,0.0,0.0,0.0,1.0,1.0,0.0,0.0,0.0,0.0,1.0,1.0,0.0,0.0,0.0,4.0,2.0,-1.0,-2.0,-7.0,20.0,16.0,14.0,20.0,6.0,39.0,34.0,29.0,27.0,20.0,8.0,4.0,6.0,7.0,3.0,16.0,11.0,11.0,12.0,3.0,50.0,36.4,54.5,58.3,100.0,3.0,4.0,0.0,2.0,0.0,4.0,4.0,0.0,3.0,0.0,75.0,100.0,0.0,66.7,0.0,1.0,4.0,2.0,4.0,0.0,6.0,9.0,5.0,8.0,0.0,16.7,44.4,40.0,50.0,0.0,1.0,1.0,0.0,0.0,3.0,18.0,1.0,4.0,4.0,2.0,19.0,2.0,4.0,4.0,5.0,10.0,4.0,2.0,9.0,2.0,1.0,2.0,0.0,0.0,3.0,1.0,1.0,1.0,1.0,0.0,1.0,1.0,3.0,1.0,0.0,1.0,1.0,0.0,0.0,0.0,32.0,32.0,28.0,24.0,17.0
105.0,93.0,29,0,0.5,0.5714285714285714,70,0.0,8.0,5.0,4.0,7.0,11.0,22.0,21.0,13.0,34.0,0.0,3.0,2.0,1.0,3.0,2.0,5.0,6.0,3.0,6.0,0.0,60.0,33.3,33.3,50.0,0.0,0.0,0.0,1.0,0.0,0.0,0.0,0.0,2.0,0.0,0.0,0.0,0.0,50.0,0.0,0.0,2.0,1.0,1.0,1.0,0.0,3.0,4.0,3.0,3.0,0.0,66.7,25.0,33.3,33.3,2.0,1.0,0.0,2.0,1.0,1.0,4.0,2.0,3.0,2.0,3.0,5.0,2.0,5.0,3.0,0.0,3.0,3.0,0.0,4.0,2.0,2.0,1.0,1.0,4.0,0.0,0.0,2.0,0.0,3.0,1.0,2.0,2.0,0.0,2.0,0.0,0.0,0.0,0.0,0.0,3.0,3.0,-2.0,-3.0,-7.0,9.0,45.0,6.0,12.0,5.0,24.0,38.0,22.0,36.0,14.0,4.0,14.0,3.0,5.0,1.0,6.0,30.0,6.0,11.0,6.0,66.7,46.7,50.0,45.5,16.7,1.0,15.0,0.0,1.0,3.0,1.0,17.0,0.0,2.0,3.0,100.0,88.2,0.0,50.0,100.0,0.0,2.0,0.0,1.0,0.0,0.0,10.0,1.0,4.0,2.0,0.0,20.0,0.0,25.0,0.0,1.0,1.0,2.0,2.0,0.0,8.0,0.0,1.0,7.0,0.0,9.0,1.0,3.0,9.0,0.0,2.0,4.0,0.0,2.0,1.0,2.0,0.0,3.0,4.0,0.0,0.0,1.0,1.0,2.0,0.0,0.0,5.0,2.0,2.0,1.0,0.0,1.0,0.0,0.0,0.0,17.0,17.0,13.0,11.0,5.0
