scores.visitors.points,scores.home.points,last_ten_w_prc,w_prc,games_played,points0,points1,points2,points3,points4,min0,min1,min2,min3,min4,fgm0,fgm1,fgm2,fgm3,fgm4,fga0,fga1,fga2,fga3,fga4,fgp0,fgp1,fgp2,fgp3,fgp4,ftm0,ftm1,ftm2,ftm3,ftm4,fta0,fta1,fta2,fta3,fta4,ftp0,ftp1,ftp2,ftp3,ftp4,tpm0,tpm1,tpm2,tpm3,tpm4,tpa0,tpa1,tpa2,tpa3,tpa4,tpp0,tpp1,tpp2,tpp3,tpp4,offReb0,offReb1,offReb2,offReb3,offReb4,defReb0,defReb1,defReb2,defReb3,defReb4,totReb0,totReb1,totReb2,totReb3,totReb4,assists0,assists1,assists2,assists3,assists4,pFouls0,pFouls1,pFouls2,pFouls3,pFouls4,steals0,steals1,steals2,steals3,steals4,turnovers0,turnovers1,turnovers2,turnovers3,turnovers4,blocks0,blocks1,blocks2,blocks3,blocks4,plusMinus0,plusMinus1,plusMinus2,plusMinus3,plusMinus4
107.0,114.0,1.0,1.0,1,12,6,10,11,10,16,22,23,13,6,1,2,5,3,4,6,6,6,4,5,16.7,33.3,83.3,75.0,80.0,9,0,0,4,1,9,0,3,4,2,100.0,0,0,100.0,50.0,1,2,0,1,1,5,5,0,2,1,20.0,40.0,0,50.0,100.0,0,0,4,1,0,2,3,3,3,0,2,3,7,4,0,2,4,0,0,1,0,0,0,0,0,0,1,2,0,0,0,3,0,1,0,0,0,3,0,0,17.0,14.0,11.0,10.0,7.0
121.0,112.0,0.5,0.5,2,9,7,8,0,0,14,23,21,3,3,1,2,4,0,0,5,8,4,0,0,20.0,25.0,100.0,0,0,7,1,0,0,0,7,4,0,0,0,100.0,25.0,0,0,0,0,2,0,0,0,0,5,0,0,0,0,40.0,0,0,0,0,0,3,1,0,2,8,4,0,0,2,8,7,1,0,4,4,0,1,0,0,2,4,0,0,1,0,0,0,0,0,2,1,0,0,0,0,1,0,0,15.0,11.0,5.0,5.0,5.0
110.0,123.0,0.3333333333333333,0.3333333333333333,3,22,12,15,2,0,26,21,25,32,2,7,5,3,1,0,13,6,12,2,0,53.8,83.3,25.0,50.0,0,1,2,6,0,0,2,4,6,0,0,50.0,50.0,100.0,0,0,7,0,3,0,0,12,0,10,0,0,58.3,0,30.0,0,0,0,4,0,2,0,2,3,3,8,0,2,7,3,10,0,3,1,3,3,0,0,0,3,1,0,1,3,1,1,0,0,0,6,2,0,0,0,0,3,0,6.0,2.0,-1.0,-2.0,-3.0
131.0,106.0,0.25,0.25,4,5,12,12,3,0,17,24,25,3,4,1,6,3,1,0,4,9,12,1,2,25.0,66.7,25.0,100.0,0,2,0,5,0,0,3,2,6,0,0,66.7,0,83.3,0,0,1,0,1,1,0,4,0,5,1,2,25.0,0,20.0,100.0,0,0,6,2,0,0,0,5,4,1,0,0,11,6,1,0,1,0,5,0,1,3,0,2,0,0,0,2,0,0,0,0,0,5,0,0,0,0,0,0,0,4.0,2.0,0.0,-2.0,-5.0
108.0,104.0,0.2,0.2,5,24,0,2,11,7,36,15,22,23,22,8,0,1,4,2,20,4,4,7,4,40.0,0,25.0,57.1,50.0,6,0,0,0,1,7,0,2,1,2,85.7,0,0,0,50.0,2,0,0,3,2,5,3,0,6,4,40.0,0,0,50.0,50.0,1,0,3,0,1,2,3,3,1,5,3,3,6,1,6,2,2,1,0,0,0,1,4,2,1,1,0,2,0,0,2,0,1,0,1,0,0,0,0,0,6.0,5.0,1.0,-1.0,-1.0
126.0,120.0,0.3333333333333333,0.3333333333333333,6,31,7,6,17,26,33,38,25,34,34,11,2,2,4,9,21,6,6,10,15,52.4,33.3,33.3,40.0,60.0,1,3,0,6,5,2,4,0,8,6,50.0,75.0,0,75.0,83.3,8,0,2,3,3,12,0,5,7,5,66.7,0,40.0,42.9,60.0,0,6,1,2,1,3,7,0,10,2,3,13,1,12,3,5,1,1,9,6,1,1,3,3,2,0,4,0,0,1,1,1,1,3,3,0,4,0,0,0,13.0,11.0,8.0,7.0,6.0
87.0,96.0,0.2857142857142857,0.2857142857142857,7,0,2,3,5,5,5,5,3,3,27,0,1,1,2,2,0,3,1,2,9,0,33.3,100.0,100.0,22.2,0,0,0,0,0,0,0,0,0,0,0,0,0,0,0,0,0,1,1,1,0,2,1,1,6,0,0,100.0,100.0,16.7,0,0,0,0,0,3,1,0,1,2,3,1,0,1,2,0,1,1,0,1,0,0,1,0,1,0,1,0,0,2,0,0,0,0,0,0,0,0,0,0,10.0,10.0,10.0,10.0,-1.0
109.0,91.0,0.375,0.375,8,19,19,16,13,3,34,31,25,23,15,7,5,5,5,1,16,14,13,10,3,43.8,35.7,38.5,50.0,33.3,4,7,3,3,0,5,10,4,3,0,80.0,70.0,75.0,100.0,0,1,2,3,0,1,3,5,5,2,3,33.3,40.0,60.0,0,33.3,0,3,1,4,0,5,7,2,3,2,5,10,3,7,2,2,2,0,1,6,1,1,2,3,3,2,1,0,2,1,5,1,1,1,1,0,0,0,1,0,21.0,18.0,14.0,12.0,9.0
95.0,89.0,0.3333333333333333,0.3333333333333333,9,16,3,6,18,6,30,9,32,28,35,5,1,1,7,3,10,2,3,16,15,50.0,50.0,33.3,43.8,20.0,3,1,4,4,0,5,2,8,6,0,60.0,50.0,50.0,66.7,0,3,0,0,0,0,7,1,0,3,6,42.9,0,0,0,0,0,0,8,2,0,2,0,8,4,6,2,0,16,6,6,0,0,0,4,4,3,1,3,0,2,2,2,0,1,1,3,0,1,0,3,1,0,2,0,0,1.0,0.0,-1.0,-1.0,-4.0
105.0,110.0,0.2,0.3,10,17,45,6,4,14,34,42,36,18,22,6,17,2,2,5,11,30,9,3,10,54.5,56.7,22.2,66.7,50.0,0,9,2,0,3,0,11,2,0,3,0,81.8,100.0,0,100.0,5,2,0,0,1,10,8,4,0,3,50.0,25.0,0,0,33.3,0,2,2,1,0,4,3,8,2,3,4,5,10,3,3,2,4,5,0,1,3,3,4,3,1,0,1,3,0,0,1,4,0,2,1,0,0,1,0,0,3.0,2.0,1.0,-1.0,-1.0
97.0,111.0,0.3,0.36363636363636365,11,7,26,10,12,6,20,31,32,16,13,3,9,4,4,3,5,16,9,6,5,60.0,56.3,44.4,66.7,60.0,0,6,1,1,0,0,6,1,2,0,0,100.0,100.0,50.0,0,1,2,1,3,0,3,4,4,5,0,33.3,50.0,25.0,60.0,0,0,1,0,2,2,1,5,3,4,1,1,6,3,6,3,5,4,7,1,2,0,1,2,1,2,0,0,2,1,2,0,5,2,1,0,0,0,0,1,0,22.0,13.0,13.0,13.0,10.0
105.0,126.0,0.4,0.4166666666666667,12,23,8,25,24,8,31,31,33,32,19,8,3,8,8,3,19,4,19,17,5,42.1,75.0,42.1,47.1,60.0,5,2,4,3,0,8,6,4,3,0,62.5,33.3,100.0,100.0,0,2,0,5,5,2,6,0,8,9,4,33.3,0,62.5,55.6,50.0,4,5,0,0,0,12,7,2,2,1,16,12,2,2,1,5,1,6,6,3,1,3,2,2,0,1,0,0,1,0,2,0,0,0,0,0,0,0,0,0,31.0,30.0,27.0,26.0,26.0
107.0,129.0,0.5,0.46153846153846156,13,24,6,17,6,9,31,18,26,27,23,9,2,5,3,3,16,3,9,6,8,56.3,66.7,55.6,50.0,37.5,2,2,3,0,2,3,4,3,0,3,66.7,50.0,100.0,0,66.7,4,0,4,0,1,6,0,6,2,6,66.7,0,66.7,0,16.7,0,2,0,1,1,4,4,5,3,0,4,6,5,4,1,2,1,9,2,2,1,6,1,1,2,1,1,0,0,0,1,2,1,0,1,1,2,0,0,1,26.0,24.0,22.0,16.0,16.0
98.0,114.0,0.5,0.42857142857142855,14,0,0,3,5,25,1,1,15,16,38,0,0,1,2,7,1,0,2,6,19,0,0,50.0,33.3,36.8,0,0,0,0,9,0,0,0,0,11,0,0,0,0,81.8,0,0,1,1,2,1,0,1,4,8,0,0,100.0,25.0,25.0,0,0,3,1,3,0,0,0,0,6,0,0,3,1,9,0,0,1,1,5,0,0,0,1,4,0,0,1,0,0,0,0,0,0,3,0,0,0,0,0,1.0,0.0,-2.0,-3.0,-10.0
116.0,114.0,0.5,0.4666666666666667,15,29,6,24,9,11,39,31,41,33,29,12,3,8,4,4,24,3,19,10,10,50.0,100.0,42.1,40.0,40.0,2,0,2,0,0,2,0,2,0,0,100.0,0,100.0,0,0,3,0,6,1,3,5,0,10,4,8,60.0,0,60.0,25.0,37.5,2,6,0,2,0,8,9,0,6,1,10,15,0,8,1,8,0,8,5,1,4,0,2,4,3,1,3,0,0,1,1,1,3,2,3,0,1,0,1,0,12.0,8.0,8.0,7.0,2.0
120.0,99.0,0.6,0.5,16,9,32,6,22,27,32,34,27,35,33,4,10,3,9,10,7,23,4,18,18,57.1,43.5,75.0,50.0,55.6,0,6,0,3,4,0,6,1,6,5,0,100.0,0,50.0,80.0,1,6,0,1,3,2,10,0,5,7,50.0,60.0,0,20.0,42.9,1,3,3,1,0,4,4,5,6,6,5,7,8,7,6,2,7,1,8,4,1,2,1,3,5,0,0,0,1,1,1,0,0,6,1,2,0,1,2,0,27.0,18.0,16.0,15.0,11.0
122.0,108.0,0.6,0.5294117647058824,17,15,32,25,21,4,26,39,28,38,33,5,12,9,8,2,15,21,12,17,5,33.3,57.1,75.0,47.1,40.0,4,4,0,3,0,5,4,0,7,0,80.0,100.0,0,42.9,0,1,4,7,2,0,5,8,10,5,0,20.0,50.0,70.0,40.0,0,0,0,0,0,11,3,4,3,6,3,3,4,3,6,14,3,7,3,8,1,0,2,1,4,0,1,0,3,0,0,1,2,0,4,3,0,0,1,0,3,16.0,15.0,11.0,9.0,9.0
100.0,117.0,0.6,0.5,18,7,2,0,0,0,26,3,3,3,3,2,1,0,0,0,8,1,0,3,0,25.0,100.0,0,0,0,2,0,0,0,0,2,0,0,2,0,100.0,0,0,0,0,1,0,0,0,0,6,0,0,1,0,16.7,0,0,0,0,2,0,0,0,0,1,1,0,1,1,3,1,0,1,1,5,0,0,0,0,3,0,0,0,0,1,0,0,0,0,0,0,0,0,0,0,0,0,0,0,3.0,0.0,0.0,0.0,0.0
98.0,100.0,0.7,0.5263157894736842,19,20,2,18,5,10,26,28,34,16,26,8,1,7,1,4,17,3,14,4,7,47.1,33.3,50.0,25.0,57.1,0,0,3,2,1,0,0,3,3,1,0,0,100.0,66.7,100.0,4,0,1,1,1,8,0,5,2,3,50.0,0,20.0,50.0,33.3,0,1,0,1,1,4,4,7,3,7,4,5,7,4,8,2,1,1,1,4,1,3,2,1,1,0,2,0,1,1,2,1,3,3,1,1,1,0,0,0,22.0,18.0,9.0,7.0,5.0
116.0,113.0,0.6,0.5,20,35,18,4,3,6,38,29,24,34,14,15,4,1,1,2,25,10,3,2,6,60.0,40.0,33.3,50.0,33.3,0,7,2,1,0,2,8,2,4,0,0,87.5,100.0,25.0,0,5,3,0,0,2,10,5,2,0,3,50.0,60.0,0,0,66.7,0,0,0,5,0,6,2,3,6,1,6,2,3,11,1,8,1,2,1,0,5,1,0,2,1,3,1,0,1,2,2,0,0,1,0,1,1,0,1,0,5.0,5.0,1.0,-1.0,-1.0
91.0,115.0,0.6,0.5238095238095238,21,25,17,23,12,6,34,30,26,34,33,8,7,9,5,3,15,10,20,9,6,53.3,70.0,45.0,55.6,50.0,7,1,1,0,0,8,1,1,1,0,87.5,100.0,100.0,0,0,2,2,4,2,0,7,3,10,5,0,28.6,66.7,40.0,40.0,0,4,1,0,1,5,16,5,3,2,5,20,6,3,3,10,5,2,1,7,0,2,2,1,3,1,2,1,0,3,2,4,1,1,2,4,0,1,0,0,6,27.0,25.0,21.0,20.0,18.0
112.0,118.0,0.6,0.5454545454545454,22,29,42,6,7,5,38,40,31,32,19,12,13,2,2,2,21,24,4,3,10,57.1,54.2,50.0,66.7,20.0,3,9,2,2,0,6,10,2,4,0,50.0,90.0,100.0,50.0,0,2,7,0,1,1,5,12,0,2,5,40.0,58.3,0,50.0,20.0,2,2,6,0,0,8,4,3,7,1,10,6,9,7,1,8,8,1,2,2,3,3,2,2,0,0,1,1,2,0,3,1,1,1,1,1,0,1,0,0,11.0,11.0,8.0,6.0,3.0
119.0,106.0,0.7,0.5652173913043478,23,10,20,22,17,4,19,35,37,31,16,3,8,9,7,1,6,15,21,11,3,50.0,53.3,42.9,63.6,33.3,3,3,1,0,2,4,3,1,0,3,75.0,100.0,100.0,0,66.7,1,1,3,3,0,3,4,8,4,0,33.3,25.0,37.5,75.0,0,0,2,0,3,2,1,8,5,5,6,1,10,5,8,8,1,9,8,2,0,0,3,2,3,1,1,0,1,0,0,1,2,2,3,0,0,0,0,1,1,16.0,15.0,15.0,11.0,7.0
122.0,146.0,0.6,0.5416666666666666,24,0,0,0,3,0,3,18,2,2,2,0,0,0,1,0,0,1,0,1,0,0,0,0,100.0,0,0,0,0,0,0,0,0,0,0,0,0,0,0,0,0,0,0,0,1,0,0,1,0,1,0,0,0,0,100.0,0,0,0,0,0,0,0,1,0,0,1,0,1,0,0,1,0,0,0,0,1,0,4,0,0,0,0,1,0,0,1,1,0,0,0,0,0,0,1,0,0,-2.0,-3.0,-4.0,-4.0,-4.0
123.0,133.0,0.5,0.52,25,17,13,5,6,23,25,19,29,27,31,4,5,2,2,9,10,10,4,4,16,40.0,50.0,50.0,50.0,56.3,6,0,1,0,3,6,0,2,0,4,100.0,0,50.0,0,75.0,3,3,0,2,2,8,7,0,3,5,37.5,42.9,0,66.7,40.0,0,0,4,1,1,0,1,12,5,2,0,1,16,6,3,1,2,4,7,3,2,1,4,4,0,0,0,0,0,1,0,2,1,1,0,0,0,2,0,0,15.0,12.0,9.0,5.0,-12.0
130.0,136.0,0.5,0.5384615384615384,26,19,16,2,3,21,27,31,21,10,38,7,6,1,1,7,11,8,2,2,12,63.6,75.0,50.0,50.0,58.3,0,1,0,0,4,0,2,0,0,6,0,50.0,0,0,66.7,5,3,0,1,3,7,3,0,1,5,71.4,100.0,0,100.0,60.0,0,3,3,0,0,3,4,4,0,2,3,7,7,0,2,1,8,1,3,9,0,4,3,1,5,0,1,0,0,1,0,1,0,0,7,0,0,0,0,0,10.0,8.0,5.0,5.0,1.0
113.0,117.0,0.5,0.5185185185185185,27,32,21,23,7,9,39,27,39,29,24,14,6,6,3,3,23,13,19,4,16,60.9,46.2,31.6,75.0,18.8,2,5,11,1,3,2,7,16,1,4,100.0,71.4,68.8,100.0,75.0,2,4,0,0,0,6,9,6,0,7,33.3,44.4,0,0,0,3,3,2,3,1,9,4,5,3,5,12,7,7,6,6,6,1,8,0,2,4,2,4,3,2,1,4,2,0,0,2,0,3,0,0,1,0,0,2,0,13.0,12.0,9.0,5.0,-4.0
139.0,122.0,0.5,0.5357142857142857,28,6,7,10,9,50,29,31,24,15,35,3,2,3,3,17,8,2,8,7,23,37.5,100.0,37.5,42.9,73.9,0,3,3,0,7,0,4,4,0,9,0,75.0,75.0,0,77.8,0,0,1,3,9,3,0,3,6,9,0,0,33.3,50.0,100.0,2,1,0,2,1,0,7,5,0,5,2,8,5,2,6,2,2,3,1,9,0,3,2,2,0,0,1,2,0,5,0,2,1,0,2,0,3,0,0,0,34.0,29.0,28.0,12.0,7.0
122.0,144.0,0.5,0.5172413793103449,29,0,9,2,0,0,3,19,6,6,8,0,3,1,0,0,1,8,3,1,1,0,37.5,33.3,0,0,0,3,0,0,0,0,4,0,0,0,0,75.0,0,0,0,0,0,0,0,0,1,3,2,1,0,0,0,0,0,0,0,0,1,0,0,0,4,0,2,1,0,4,1,2,1,0,3,0,1,1,0,0,0,0,2,0,0,1,0,1,0,0,0,0,1,0,0,0,0,0,10.0,3.0,2.0,2.0,1.0
114.0,109.0,0.5,0.5333333333333333,30,27,9,20,3,29,43,39,29,11,37,12,3,8,1,10,22,4,15,5,21,54.5,75.0,53.3,20.0,47.6,2,3,1,0,6,2,6,1,0,6,100.0,50.0,100.0,0,100.0,1,0,3,1,3,4,0,7,4,6,25.0,0,42.9,25.0,50.0,1,7,0,0,1,13,10,3,0,3,14,17,3,0,4,3,2,2,2,3,3,3,2,0,0,0,2,1,1,1,2,1,1,0,4,0,2,0,0,1,17.0,15.0,7.0,4.0,1.0
121.0,102.0,0.5,0.5483870967741935,31,26,2,16,23,14,34,30,32,23,27,9,1,6,9,5,20,3,15,15,11,45.0,33.3,40.0,60.0,45.5,8,0,3,0,4,9,0,4,0,4,88.9,0,75.0,0,100.0,0,0,1,5,0,4,0,3,10,1,0,0,33.3,50.0,0,2,5,1,2,0,5,5,6,6,5,7,10,7,8,5,4,3,8,1,2,3,1,0,2,2,0,0,1,3,1,1,0,3,2,2,0,2,0,0,1,27.0,21.0,18.0,13.0,13.0
130.0,111.0,0.4,0.53125,32,0,11,26,0,0,-,24,34,1,1,0,4,8,0,0,0,7,17,1,0,0,57.1,47.1,0,0,0,0,10,0,0,0,0,10,0,0,0,0,100.0,0,0,0,3,0,0,0,0,6,2,0,0,0,50.0,0,0,0,0,1,1,0,0,0,1,7,0,1,0,2,8,0,1,0,2,1,0,0,0,3,3,0,0,0,1,1,0,0,0,1,3,0,0,0,0,0,0,0,0.0,-2.0,-3.0,-3.0,-3.0
122.0,129.0,0.5,0.5454545454545454,33,20,10,24,38,0,22,31,41,37,15,7,5,8,15,0,10,7,17,28,1,70.0,71.4,47.1,53.6,0,4,0,6,7,0,4,0,6,9,0,100.0,0,100.0,77.8,0,2,0,2,1,0,4,2,5,3,1,50.0,0,40.0,33.3,0,0,0,1,1,0,0,9,8,3,3,0,9,9,4,3,1,4,2,6,3,1,1,3,0,2,1,2,1,1,0,1,2,4,0,0,0,0,0,0,3,14.0,7.0,6.0,6.0,4.0
120.0,129.0,0.5,0.5294117647058824,34,4,22,6,0,17,37,25,11,0,21,2,7,2,0,6,6,10,2,0,10,33.3,70.0,100.0,0,60.0,0,4,0,0,0,0,4,0,0,0,0,100.0,0,0,0,0,4,2,0,5,0,5,2,0,9,0,80.0,100.0,0,55.6,3,0,0,0,0,6,0,3,0,2,9,0,3,0,2,2,2,1,0,0,3,0,1,0,2,0,0,0,0,0,2,1,0,0,1,1,0,0,0,0,4.0,2.0,0.0,0.0,-1.0
108.0,117.0,0.4,0.5142857142857142,35,2,5,12,3,38,15,31,28,14,36,1,2,4,1,16,1,4,10,3,25,100.0,50.0,40.0,33.3,64.0,0,0,1,0,6,0,0,1,0,8,0,0,100.0,0,75.0,0,1,3,1,0,0,2,7,3,4,0,50.0,42.9,33.3,0,0,0,0,0,3,4,4,1,2,9,4,4,1,2,12,0,0,1,0,6,4,2,4,1,5,0,0,0,1,0,0,2,1,0,5,1,0,0,0,1,7.0,6.0,3.0,1.0,0.0
126.0,140.0,0.4,0.5,36,5,0,0,0,3,18,1,1,1,1,2,0,0,0,1,3,0,0,0,2,66.7,0,0,0,50.0,0,0,0,0,0,0,0,0,0,0,0,0,0,0,0,1,0,0,0,1,2,0,0,0,1,50.0,0,0,0,100.0,0,0,0,0,0,0,0,0,0,0,0,0,0,0,0,1,1,0,0,0,3,0,0,0,0,0,0,0,0,0,0,0,0,0,0,0,0,0,0,0,7.0,3.0,3.0,3.0,3.0
106.0,112.0,0.4,0.5135135135135135,37,17,16,15,7,39,35,41,26,39,36,7,5,5,2,14,12,23,11,3,24,58.3,21.7,45.5,66.7,58.3,0,5,3,3,9,0,5,4,4,13,0,100.0,75.0,75.0,69.2,3,1,2,0,2,6,9,6,0,6,50.0,11.1,33.3,0,33.3,3,0,1,4,3,3,4,3,5,6,6,4,4,9,9,1,14,2,3,0,6,4,0,3,5,2,1,1,3,0,1,2,1,1,6,0,0,1,3,0,19.0,16.0,15.0,10.0,2.0
100.0,116.0,0.5,0.5263157894736842,38,11,10,31,11,35,34,37,38,25,39,5,4,13,4,13,9,6,22,10,23,55.6,66.7,59.1,40.0,56.5,0,2,1,0,6,0,3,1,0,7,0,66.7,100.0,0,85.7,1,0,4,3,3,4,0,9,8,7,25.0,0,44.4,37.5,42.9,2,7,0,1,0,6,13,3,4,6,8,20,3,5,6,2,1,13,5,4,2,2,3,2,3,2,0,0,1,2,1,2,4,3,3,0,5,0,0,1,35.0,32.0,31.0,18.0,13.0
128.0,92.0,0.5,0.5384615384615384,39,10,19,17,11,15,30,24,35,37,15,4,6,8,3,4,7,13,9,11,8,57.1,46.2,88.9,27.3,50.0,2,3,1,4,3,2,3,2,4,3,100.0,100.0,50.0,100.0,100.0,0,4,0,1,4,2,9,0,3,6,0,44.4,0,33.3,66.7,3,2,1,1,0,12,6,5,1,1,15,8,6,2,1,6,2,5,0,4,2,3,4,3,1,0,1,2,1,0,2,1,1,0,0,1,1,2,0,0,46.0,37.0,26.0,20.0,20.0
121.0,105.0,0.5,0.55,40,8,39,9,33,9,39,38,32,35,31,4,13,3,10,4,8,23,8,18,7,50.0,56.5,37.5,55.6,57.1,0,10,2,9,0,0,13,2,9,0,0,76.9,100.0,100.0,0,0,3,1,4,1,0,8,4,8,3,0,37.5,25.0,50.0,33.3,2,3,2,0,2,17,4,2,3,3,19,7,4,3,5,2,5,1,8,2,3,2,1,2,3,4,1,0,0,1,5,2,2,2,1,2,0,0,0,0,26.0,24.0,24.0,20.0,11.0
84.0,112.0,0.6,0.5609756097560976,41,20,5,12,23,13,32,28,26,29,19,7,1,3,9,4,17,1,11,12,9,41.2,100.0,27.3,75.0,44.4,4,3,5,1,2,4,4,6,2,2,100.0,75.0,83.3,50.0,100.0,2,0,1,4,3,4,0,7,6,8,50.0,0,14.3,66.7,37.5,0,5,1,2,0,7,9,2,2,4,7,14,3,4,4,8,3,7,0,2,1,3,0,3,2,0,3,0,1,1,2,2,0,1,0,1,1,0,1,0,31.0,31.0,29.0,26.0,14.0
124.0,128.0,0.5,0.5476190476190477,42,10,30,7,32,19,39,39,16,37,30,4,10,3,12,7,10,22,3,23,13,40.0,45.5,100.0,52.2,53.8,1,8,1,6,0,1,9,2,7,0,100.0,88.9,50.0,85.7,0,1,2,0,2,5,6,6,0,7,10,16.7,33.3,0,28.6,50.0,1,0,1,1,1,5,2,5,5,3,6,2,6,6,4,2,8,0,5,3,1,3,4,3,4,0,1,1,2,2,1,4,2,4,2,2,0,0,0,0,14.0,8.0,3.0,-1.0,-6.0
106.0,94.0,0.6,0.5581395348837209,43,19,24,13,18,12,38,36,33,32,42,7,9,4,7,5,10,21,14,15,6,70.0,42.9,28.6,46.7,83.3,1,5,2,3,2,2,6,3,4,4,50.0,83.3,66.7,75.0,50.0,4,1,3,1,0,7,6,11,4,0,57.1,16.7,27.3,25.0,0,0,5,0,2,7,6,6,3,3,13,6,11,3,5,20,5,5,4,2,2,3,2,2,1,1,1,0,4,1,2,3,6,2,4,3,1,1,0,4,4,13.0,10.0,8.0,7.0,7.0
98.0,94.0,0.6,0.5454545454545454,44,15,20,15,17,7,24,36,38,44,29,5,8,5,5,3,12,17,18,11,6,41.7,47.1,27.8,45.5,50.0,3,0,3,4,1,6,0,5,4,1,50.0,0,60.0,100.0,100.0,2,4,2,3,0,8,10,9,4,0,25.0,40.0,22.2,75.0,0,2,0,1,1,5,4,2,5,1,7,6,2,6,2,12,4,1,5,4,3,2,4,3,2,5,0,2,0,0,0,0,1,0,2,2,1,1,0,0,0,9.0,3.0,2.0,2.0,0.0
94.0,109.0,0.7,0.5555555555555556,45,15,31,7,30,10,43,34,41,37,30,5,11,3,11,5,10,19,5,21,11,50.0,57.9,60.0,52.4,45.5,3,5,1,4,0,3,6,1,7,0,100.0,83.3,100.0,57.1,0,2,4,0,4,0,5,8,0,9,2,40.0,50.0,0,44.4,0,0,2,2,0,5,5,6,9,3,9,5,8,11,3,14,0,4,5,7,1,2,4,4,2,2,4,0,2,0,0,1,4,2,2,0,1,1,2,0,0,24.0,15.0,13.0,12.0,10.0
109.0,113.0,0.7,0.5652173913043478,46,19,19,41,6,21,38,43,40,39,39,6,6,14,3,8,15,9,27,5,17,40.0,66.7,51.9,60.0,47.1,2,4,11,0,2,2,4,13,0,4,100.0,100.0,84.6,0,50.0,5,3,2,0,3,12,5,4,0,8,41.7,60.0,50.0,0,37.5,0,0,1,5,1,3,7,7,12,7,3,7,8,17,8,3,1,8,3,5,4,3,2,2,2,0,0,2,2,0,3,1,6,2,5,1,2,1,1,0,15.0,12.0,10.0,8.0,1.0
100.0,126.0,0.7,0.574468085106383,47,38,14,10,18,1,35,37,26,32,23,13,5,3,7,0,23,11,5,13,1,56.5,45.5,60.0,53.8,0,7,4,2,1,1,7,4,2,2,2,100.0,100.0,100.0,50.0,50.0,5,0,2,3,0,11,3,3,7,0,45.5,0,66.7,42.9,0,1,0,1,7,0,4,7,8,9,4,5,7,9,16,4,9,1,1,10,1,3,2,1,3,2,1,1,0,0,0,3,1,3,7,0,0,3,1,0,0,22.0,20.0,20.0,16.0,13.0
108.0,103.0,0.7,0.5833333333333334,48,6,10,2,30,5,21,33,28,36,20,3,3,1,11,2,6,8,7,22,5,50.0,37.5,14.3,50.0,40.0,0,4,0,6,0,0,4,0,7,0,0,100.0,0,85.7,0,0,0,0,2,1,1,1,3,7,4,0,0,0,28.6,25.0,4,1,1,0,0,5,4,4,3,1,9,5,5,3,1,2,1,1,4,2,1,2,1,2,2,0,4,2,0,1,0,3,1,2,0,0,2,1,0,0,13.0,11.0,9.0,7.0,5.0
84.0,122.0,0.7,0.5918367346938775,49,26,16,17,21,2,29,26,30,27,25,10,5,7,7,1,18,10,15,10,1,55.6,50.0,46.7,70.0,100.0,3,2,2,6,0,5,2,2,6,0,60.0,100.0,100.0,100.0,0,3,4,1,1,0,9,9,5,2,0,33.3,44.4,20.0,50.0,0,0,2,3,0,1,2,1,4,1,7,2,3,7,1,8,1,6,8,4,0,2,2,2,0,4,6,1,1,0,0,1,0,2,2,1,0,0,0,0,1,38.0,27.0,25.0,24.0,20.0
109.0,125.0,0.7,0.6,50,14,32,4,19,12,32,38,31,34,24,5,12,2,8,3,7,22,7,14,6,71.4,54.5,28.6,57.1,50.0,2,4,0,1,4,2,5,0,3,8,100.0,80.0,0,33.3,50.0,2,4,0,2,2,3,8,0,5,5,66.7,50.0,0,40.0,40.0,1,0,3,0,1,8,5,7,1,3,9,5,10,1,4,5,8,1,4,1,1,2,2,2,2,0,1,1,2,1,1,0,0,1,0,0,1,2,0,0,30.0,24.0,19.0,13.0,10.0
113.0,92.0,0.8,0.6078431372549019,51,28,9,32,8,10,42,33,34,39,16,10,4,13,3,4,22,6,24,7,4,45.5,66.7,54.2,42.9,100.0,3,0,4,2,2,4,0,5,2,3,75.0,0,80.0,100.0,66.7,5,1,2,0,0,15,1,6,3,0,33.3,100.0,33.3,0,0,0,1,0,2,1,6,4,4,10,3,6,5,4,12,4,5,0,7,7,1,3,4,1,0,2,0,0,1,0,3,2,0,2,1,1,1,1,0,0,0,24.0,21.0,20.0,15.0,10.0
103.0,118.0,0.8,0.6153846153846154,52,33,29,18,2,12,39,38,40,19,20,11,10,8,1,4,22,23,13,2,10,50.0,43.5,61.5,50.0,40.0,2,7,2,0,2,2,8,2,0,2,100.0,87.5,100.0,0,100.0,9,2,0,0,2,15,6,3,0,6,60.0,33.3,0,0,33.3,2,0,1,3,0,3,3,4,1,6,5,3,5,4,6,4,9,1,0,2,3,2,3,0,1,4,0,0,0,1,0,0,0,0,0,1,1,2,0,0,23.0,19.0,14.0,14.0,6.0
105.0,109.0,0.9,0.6226415094339622,53,16,12,12,40,5,29,36,43,37,38,6,6,5,15,0,13,8,16,30,6,46.2,75.0,31.3,50.0,0,1,0,2,9,5,1,1,4,11,6,100.0,0,50.0,81.8,83.3,3,0,0,1,0,8,0,3,6,3,37.5,0,0,16.7,0,0,8,8,1,3,1,11,8,4,9,1,19,16,5,12,0,6,0,1,3,1,2,4,3,3,2,0,4,0,0,1,1,2,2,2,0,1,2,0,1,10.0,9.0,7.0,4.0,0.0
113.0,105.0,0.8,0.6111111111111112,54,26,0,0,0,6,40,0,0,0,33,10,0,0,0,2,22,0,0,0,9,45.5,0,0,0,22.2,0,0,0,0,2,0,0,0,0,2,0,0,0,0,100.0,6,0,0,0,0,16,0,0,0,0,37.5,0,0,0,0,1,0,0,0,6,5,0,0,0,9,6,0,0,0,15,4,0,0,0,2,6,0,0,0,5,0,0,0,0,0,0,0,0,0,0,1,0,0,0,2,1.0,0.0,0.0,0.0,-3.0
113.0,123.0,0.8,0.6181818181818182,55,10,6,17,32,12,37,12,35,40,31,3,2,7,12,5,7,4,8,18,14,42.9,50.0,87.5,66.7,35.7,3,0,3,4,0,4,0,4,5,0,75.0,0,75.0,80.0,0,1,2,0,4,2,2,3,0,9,6,50.0,66.7,0,44.4,33.3,1,0,4,0,1,9,1,4,5,2,10,1,8,5,3,4,1,3,5,3,1,0,3,1,4,0,0,2,3,2,1,1,3,2,0,0,0,3,1,0,20.0,15.0,12.0,9.0,0.0
122.0,108.0,0.7,0.6071428571428571,56,0,2,10,21,3,22,12,15,45,22,0,1,4,9,1,3,2,5,22,5,0,50.0,80.0,40.9,20.0,0,0,2,1,0,0,0,2,1,0,0,0,100.0,100.0,0,0,0,0,2,1,1,1,0,10,3,0,0,0,20.0,33.3,2,1,2,4,1,2,1,2,2,1,4,2,4,6,2,1,1,2,5,0,4,0,2,1,4,0,0,2,2,0,1,0,2,2,0,0,0,0,0,1,8.0,-1.0,-10.0,-11.0,-11.0
125.0,111.0,0.6,0.5964912280701754,57,0,22,39,6,14,19,22,37,11,39,0,7,14,2,6,4,14,25,4,15,0,50.0,56.0,50.0,40.0,0,4,10,2,0,0,4,10,2,1,0,100.0,100.0,100.0,0,0,4,1,0,2,0,7,5,2,9,0,57.1,20.0,0,22.2,0,0,0,1,0,3,2,3,1,3,3,2,3,2,3,1,1,4,0,4,2,1,2,0,2,0,0,1,1,1,0,3,2,0,1,0,0,0,0,1,-1.0,-4.0,-7.0,-7.0,-9.0
103.0,105.0,0.5,0.5862068965517241,58,4,8,17,23,0,29,39,42,41,5,2,4,7,9,0,3,8,11,21,1,66.7,50.0,63.6,42.9,0,0,0,0,0,0,0,1,0,0,0,0,0,0,0,0,0,0,3,5,0,0,1,5,14,0,0,0,60.0,35.7,0,3,9,2,2,2,4,8,9,3,0,7,17,11,5,2,0,0,5,4,1,4,4,3,3,2,0,0,2,2,0,1,3,2,3,0,0,3,0,0,0,7.0,3.0,2.0,2.0,1.0
100.0,118.0,0.4,0.576271186440678,59,0,33,23,0,4,5,35,43,9,30,0,11,8,0,2,0,21,16,0,8,0,52.4,50.0,0,25.0,0,6,6,0,0,0,7,7,0,0,0,85.7,85.7,0,0,0,5,1,0,0,0,8,2,0,4,0,62.5,50.0,0,0,0,1,10,0,0,0,0,4,0,3,0,1,14,0,3,0,6,5,0,2,0,0,1,0,1,0,2,0,1,2,0,3,1,1,2,0,0,0,0,0,5.0,-2.0,-4.0,-4.0,-13.0
110.0,96.0,0.4,0.5833333333333334,60,21,18,18,16,4,39,38,44,35,18,5,7,7,6,1,18,9,13,15,2,27.8,77.8,53.8,40.0,50.0,11,3,2,0,2,11,7,2,0,2,100.0,42.9,100.0,0,100.0,0,1,2,4,0,4,2,5,11,0,0,50.0,40.0,36.4,0,0,4,1,0,5,2,7,11,3,5,2,11,12,3,10,12,2,3,3,2,2,3,2,1,2,2,2,0,2,0,7,2,3,2,0,1,1,1,2,1,20.0,15.0,13.0,13.0,5.0
116.0,102.0,0.3,0.5737704918032787,61,11,0,0,12,0,16,1,1,32,14,5,0,0,4,0,7,0,1,12,0,71.4,0,0,33.3,0,0,0,0,0,0,0,0,0,0,0,0,0,0,0,0,1,0,0,4,0,2,0,1,8,0,50.0,0,0,50.0,0,1,0,0,2,0,2,0,0,2,2,3,0,0,4,2,1,0,0,0,0,1,0,0,4,0,0,0,0,0,0,1,0,0,0,0,0,0,0,1,0,4.0,2.0,2.0,-5.0,-5.0
111.0,113.0,0.3,0.5806451612903226,62,4,7,6,35,2,34,14,27,40,20,2,3,2,11,1,7,9,5,26,2,28.6,33.3,40.0,42.3,50.0,0,0,2,10,0,0,1,2,11,0,0,0,100.0,90.9,0,0,1,0,3,0,1,3,0,11,0,0,33.3,0,27.3,0,4,1,4,0,4,7,0,4,1,2,11,1,8,1,6,1,1,4,12,2,3,1,2,3,0,2,1,0,2,0,2,2,1,4,1,2,0,1,0,0,9.0,8.0,5.0,3.0,2.0
115.0,92.0,0.3,0.5714285714285714,63,0,2,0,0,20,3,16,3,3,29,0,1,0,0,6,0,7,1,1,14,0,14.3,0,0,42.9,0,0,0,0,4,0,0,0,0,4,0,0,0,0,100.0,0,0,0,0,4,0,2,1,1,10,0,0,0,0,40.0,0,0,0,0,3,1,2,0,0,1,1,2,0,0,4,1,1,0,0,5,0,0,0,0,4,0,0,0,0,1,0,0,0,0,4,0,1,0,0,0,-1.0,-1.0,-1.0,-1.0,-9.0
110.0,99.0,0.2,0.5625,64,10,5,14,4,14,22,11,22,18,47,3,2,6,0,4,3,6,8,7,17,100.0,33.3,75.0,0,23.5,4,0,0,4,3,5,0,0,4,4,80.0,0,0,100.0,75.0,0,1,2,0,3,0,3,3,4,9,0,33.3,66.7,0,33.3,2,1,0,0,4,3,1,2,3,14,5,2,2,3,18,3,1,1,1,7,1,0,2,0,2,0,0,3,0,2,0,0,0,1,0,0,0,0,0,0,6.0,6.0,2.0,0.0,-11.0
107.0,98.0,0.3,0.5692307692307692,65,0,13,14,16,28,21,45,22,47,39,0,5,6,6,11,0,12,8,15,22,0,41.7,75.0,40.0,50.0,0,0,1,0,0,0,0,3,0,0,0,0,33.3,0,0,0,3,1,4,6,0,6,1,9,14,0,50.0,100.0,44.4,42.9,3,1,3,0,1,3,18,1,1,5,6,19,4,1,6,1,10,0,5,4,1,2,3,2,2,1,2,2,0,3,0,2,2,0,1,2,2,3,0,1,17.0,16.0,12.0,11.0,9.0
116.0,100.0,0.3,0.5606060606060606,66,15,4,11,19,11,24,26,46,31,12,7,2,4,6,5,8,2,15,18,14,87.5,100.0,26.7,33.3,35.7,1,0,0,3,0,1,0,0,3,1,100.0,0,0,100.0,0,0,0,3,4,1,0,0,10,11,7,0,0,30.0,36.4,14.3,1,6,2,1,1,5,3,0,2,1,6,9,2,3,2,2,1,9,0,1,1,1,5,5,0,1,1,1,0,1,0,1,1,2,0,1,0,1,0,0,3.0,0.0,-7.0,-10.0,-12.0
74.0,98.0,0.4,0.5671641791044776,67,15,11,26,19,5,39,42,29,42,20,6,3,11,8,2,16,13,19,12,3,37.5,23.1,57.9,66.7,66.7,1,2,0,0,1,2,2,0,0,1,50.0,100.0,0,0,100.0,2,3,4,3,0,4,10,7,5,0,50.0,30.0,57.1,60.0,0,3,0,0,2,2,11,4,3,5,4,14,4,3,7,6,4,6,2,4,2,2,1,2,2,3,2,2,0,0,1,3,5,1,2,2,5,1,0,0,3,25.0,24.0,23.0,23.0,14.0
