player_name,player_id,bet_type,over_prob,under_prob,adj_over_prob,adj_under_prob,over_odds,under_odds,line,teamName,teamId,opponentTeamName,overKellyStake,underKellyStake,overEV,underEV,bankroll,gameId,dateStart,lineTime,calculatedAt,profit
Jimmy Butler,86,player_assists,0.41,0.59,0.49,0.51,105,-135,5.50,Golden State Warriors,11,Charlotte Hornets,2.05,0.00,0.00,-0.00,1000,14989,2025-03-04T00:10:00Z,2025-03-04T00:05:07Z,2025-10-09T03:18:26.291335,-2.05
Jusuf Nurkic,398,player_assists,0.41,0.59,0.49,0.51,110,-140,2.50,Charlotte Hornets,5,Charlotte Hornets,24.17,0.00,0.64,-0.00,1000,14989,2025-03-04T00:10:00Z,2025-03-04T00:05:07Z,2025-10-09T03:18:26.304999,-24.17
Mark Williams,3506,player_assists,0.49,0.45,0.50,0.49,-180,140,1.50,Charlotte Hornets,5,Golden State Warriors,0.00,133.07,-0.00,24.79,1000,14989,2025-03-04T00:10:00Z,2025-03-04T00:05:07Z,2025-10-09T03:18:26.309289,186.29
Josh Green,2593,player_assists,0.67,0.32,0.52,0.48,-145,114,1.50,Charlotte Hornets,5,Golden State Warriors,0.00,22.47,-0.00,0.58,1000,14989,2025-03-04T00:10:00Z,2025-03-04T00:05:07Z,2025-10-09T03:18:26.313460,25.62
Moses Moody,2836,player_assists,0.35,0.63,0.48,0.52,124,-160,1.50,Golden State Warriors,11,Charlotte Hornets,64.43,0.00,5.15,-0.00,1000,14989,2025-03-04T00:10:00Z,2025-03-04T00:05:07Z,2025-10-09T03:18:26.318345,-64.43
Draymond Green,204,player_points,0.50,0.57,0.50,0.50,105,-135,9.50,Golden State Warriors,11,Charlotte Hornets,23.45,0.00,0.58,-0.00,1000,14989,2025-03-04T00:10:00Z,2025-03-04T00:05:07Z,2025-10-09T03:18:26.352823,24.62
Jusuf Nurkic,398,player_points,0.51,0.57,0.50,0.50,100,-130,6.50,Charlotte Hornets,5,Charlotte Hornets,1.10,0.00,0.00,-0.00,1000,14989,2025-03-04T00:10:00Z,2025-03-04T00:05:07Z,2025-10-09T03:18:26.370016,-1.10
Tidjane Salaun,4095,player_points,0.50,0.46,0.50,0.50,-135,105,4.50,Charlotte Hornets,5,Golden State Warriors,0.00,20.94,-0.00,0.46,1000,14989,2025-03-04T00:10:00Z,2025-03-04T00:05:07Z,2025-10-09T03:18:26.378618,-20.94
Kevon Looney,322,player_points,0.43,0.55,0.50,0.50,105,-135,4.50,Golden State Warriors,11,Charlotte Hornets,18.51,0.00,0.36,-0.00,1000,14989,2025-03-04T00:10:00Z,2025-03-04T00:05:07Z,2025-10-09T03:18:26.382955,-18.51
Draymond Green,204,player_rebounds,1.00,0.33,0.56,0.48,-145,114,5.50,Golden State Warriors,11,Charlotte Hornets,0.00,21.96,-0.00,0.55,1000,14989,2025-03-04T00:10:00Z,2025-03-04T00:05:07Z,2025-10-09T03:18:26.575086,-21.96
Kevon Looney,322,player_rebounds,0.33,1.00,0.48,0.56,110,-140,5.50,Golden State Warriors,11,Charlotte Hornets,5.34,0.00,0.03,-0.00,1000,14989,2025-03-04T00:10:00Z,2025-03-04T00:05:07Z,2025-10-09T03:18:26.587845,5.87
Stephen Curry,124,player_rebounds,0.36,0.67,0.48,0.52,114,-145,4.50,Golden State Warriors,11,Charlotte Hornets,27.82,0.00,0.88,-0.00,1000,14989,2025-03-04T00:10:00Z,2025-03-04T00:05:07Z,2025-10-09T03:18:26.597286,-27.82
Buddy Hield,236,player_rebounds,0.36,1.00,0.48,0.56,124,-160,2.50,Golden State Warriors,11,Charlotte Hornets,64.46,0.00,5.15,-0.00,1000,14989,2025-03-04T00:10:00Z,2025-03-04T00:05:07Z,2025-10-09T03:18:26.615084,79.93
Stephen Curry,124,player_threes,0.55,0.45,0.51,0.49,-135,105,4.50,Golden State Warriors,11,Charlotte Hornets,0.00,6.45,-0.00,0.04,1000,14989,2025-03-04T00:10:00Z,2025-03-04T00:05:07Z,2025-10-09T03:18:26.619680,6.77
Miles Bridges,941,player_threes,0.22,0.71,0.45,0.54,130,-166,2.50,Charlotte Hornets,5,Golden State Warriors,34.12,0.00,1.51,-0.00,1000,14989,2025-03-04T00:10:00Z,2025-03-04T00:05:07Z,2025-10-09T03:18:26.629007,44.35
Moses Moody,2836,player_threes,0.22,0.94,0.45,0.57,150,-195,2.50,Golden State Warriors,11,Charlotte Hornets,90.11,0.00,12.18,-0.00,1000,14989,2025-03-04T00:10:00Z,2025-03-04T00:05:07Z,2025-10-09T03:18:26.634026,-90.11
Buddy Hield,236,player_threes,0.67,0.40,0.53,0.48,-175,135,1.50,Golden State Warriors,11,Charlotte Hornets,0.00,99.92,-0.00,13.48,1000,14989,2025-03-04T00:10:00Z,2025-03-04T00:05:07Z,2025-10-09T03:18:26.638738,-99.92
Josh Green,2593,player_threes,0.22,0.71,0.45,0.54,140,-180,1.50,Charlotte Hornets,5,Golden State Warriors,64.11,0.00,5.75,-0.00,1000,14989,2025-03-04T00:10:00Z,2025-03-04T00:05:07Z,2025-10-09T03:18:26.714204,-64.11
Seth Curry,123,player_threes,0.22,0.71,0.45,0.54,145,-188,1.50,Charlotte Hornets,5,Golden State Warriors,77.56,0.00,8.72,-0.00,1000,14989,2025-03-04T00:10:00Z,2025-03-04T00:05:07Z,2025-10-09T03:18:26.719241,-77.56
Draymond Green,204,player_threes,0.60,0.40,0.52,0.48,-238,180,0.50,Golden State Warriors,11,Charlotte Hornets,0.00,195.67,-0.00,68.92,1000,14989,2025-03-04T00:10:00Z,2025-03-04T00:05:07Z,2025-10-09T03:18:26.724042,-195.67
Jimmy Butler,86,player_threes,0.16,0.94,0.44,0.57,100,-130,0.50,Golden State Warriors,11,Charlotte Hornets,0.00,17.79,-0.00,0.24,1000,14989,2025-03-04T00:10:00Z,2025-03-04T00:05:07Z,2025-10-09T03:18:26.730331,-17.79
Trae Young,1046,player_assists,0.41,0.59,0.49,0.51,105,-135,11.50,Atlanta Hawks,1,Milwaukee Bucks,2.05,0.00,0.00,-0.00,1000,14998,2025-03-05T00:40:00Z,2025-03-05T00:34:28Z,2025-10-09T03:18:26.734674,2.15
Damian Lillard,319,player_assists,0.41,0.59,0.49,0.51,105,-135,7.50,Milwaukee Bucks,21,Atlanta Hawks,2.05,0.00,0.00,-0.00,1000,14998,2025-03-05T00:40:00Z,2025-03-05T00:34:28Z,2025-10-09T03:18:26.738853,-2.05
Giannis Antetokounmpo,20,player_assists,0.41,0.59,0.49,0.51,110,-140,6.50,Milwaukee Bucks,21,Atlanta Hawks,24.17,0.00,0.64,-0.00,1000,14998,2025-03-05T00:40:00Z,2025-03-05T00:34:28Z,2025-10-09T03:18:26.743294,26.59
Dyson Daniels,3406,player_assists,0.41,0.59,0.49,0.51,114,-145,4.50,Atlanta Hawks,1,Milwaukee Bucks,40.48,0.00,1.87,-0.00,1000,14998,2025-03-05T00:40:00Z,2025-03-05T00:34:28Z,2025-10-09T03:18:26.747726,46.15
Caris LeVert,317,player_assists,0.41,0.59,0.49,0.51,124,-160,3.50,Atlanta Hawks,1,Atlanta Hawks,76.64,0.00,7.28,-0.00,1000,14998,2025-03-05T00:40:00Z,2025-03-05T00:34:28Z,2025-10-09T03:18:26.752065,95.03
Kevin Porter Jr.,1888,player_assists,0.33,0.64,0.48,0.52,110,-140,2.50,Milwaukee Bucks,21,Atlanta Hawks,7.89,0.00,0.07,-0.00,1000,14998,2025-03-05T00:40:00Z,2025-03-05T00:34:28Z,2025-10-09T03:18:26.765089,-7.89
Terance Mann,1877,player_assists,0.34,0.64,0.48,0.52,110,-140,2.50,Atlanta Hawks,1,Atlanta Hawks,10.27,0.00,0.12,-0.00,1000,14998,2025-03-05T00:40:00Z,2025-03-05T00:34:28Z,2025-10-09T03:18:26.769404,11.30
Taurean Prince,437,player_assists,0.37,0.59,0.48,0.51,114,-145,2.50,Milwaukee Bucks,21,Atlanta Hawks,31.86,0.00,1.16,-0.00,1000,14998,2025-03-05T00:40:00Z,2025-03-05T00:34:28Z,2025-10-09T03:18:26.773703,-31.86
Brook Lopez,323,player_assists,0.49,0.41,0.50,0.49,-195,150,1.50,Milwaukee Bucks,21,Atlanta Hawks,0.00,148.45,-0.00,33.06,1000,14998,2025-03-05T00:40:00Z,2025-03-05T00:34:28Z,2025-10-09T03:18:26.778185,-148.45
Onyeka Okongwu,2629,player_points,1.00,0.55,0.52,0.50,-105,-125,14.50,Atlanta Hawks,1,Milwaukee Bucks,14.81,0.00,0.21,-0.00,1000,14998,2025-03-05T00:40:00Z,2025-03-05T00:34:28Z,2025-10-09T03:18:26.813328,-14.81
Kevin Porter Jr.,1888,player_points_rebounds,0.51,0.49,0.50,0.50,100,-130,9.50,Milwaukee Bucks,21,Atlanta Hawks,0.18,0.00,0.00,-0.00,1000,14998,2025-03-05T00:40:00Z,2025-03-05T00:34:28Z,2025-10-09T03:18:26.962432,0.18
Taurean Prince,437,player_points_rebounds_assists,0.41,0.56,0.50,0.50,100,-130,15.50,Milwaukee Bucks,21,Atlanta Hawks,0.12,0.00,0.00,-0.00,1000,14998,2025-03-05T00:40:00Z,2025-03-05T00:34:28Z,2025-10-09T03:18:27.011982,-0.12
Brook Lopez,323,player_rebounds,0.33,1.00,0.48,0.56,114,-145,5.50,Milwaukee Bucks,21,Atlanta Hawks,21.96,0.00,0.55,-0.00,1000,14998,2025-03-05T00:40:00Z,2025-03-05T00:34:28Z,2025-10-09T03:18:27.051297,25.03
Georges Niang,391,player_rebounds,0.33,1.00,0.48,0.56,120,-154,4.50,Atlanta Hawks,1,Atlanta Hawks,44.81,0.00,2.41,-0.00,1000,14998,2025-03-05T00:40:00Z,2025-03-05T00:34:28Z,2025-10-09T03:18:27.060263,-44.81
Kevin Porter Jr.,1888,player_rebounds,0.33,1.00,0.48,0.56,110,-140,2.50,Milwaukee Bucks,21,Atlanta Hawks,5.34,0.00,0.03,-0.00,1000,14998,2025-03-05T00:40:00Z,2025-03-05T00:34:28Z,2025-10-09T03:18:27.085804,-5.34
A.J. Green,3443,player_rebounds,0.33,1.00,0.48,0.56,130,-166,2.50,Milwaukee Bucks,21,Atlanta Hawks,78.21,0.00,7.95,-0.00,1000,14998,2025-03-05T00:40:00Z,2025-03-05T00:34:28Z,2025-10-09T03:18:27.089945,101.67
Taurean Prince,437,player_threes,0.22,0.94,0.45,0.57,150,-195,2.50,Milwaukee Bucks,21,Atlanta Hawks,90.11,0.00,12.18,-0.00,1000,14998,2025-03-05T00:40:00Z,2025-03-05T00:34:28Z,2025-10-09T03:18:27.107313,-90.11
Caris LeVert,317,player_threes,0.60,0.40,0.52,0.48,-180,140,1.50,Atlanta Hawks,1,Atlanta Hawks,0.00,113.60,-0.00,18.07,1000,14998,2025-03-05T00:40:00Z,2025-03-05T00:34:28Z,2025-10-09T03:18:27.111430,-113.60
Terance Mann,1877,player_threes,0.60,0.40,0.52,0.48,-195,150,0.50,Atlanta Hawks,1,Atlanta Hawks,0.00,138.22,-0.00,28.66,1000,14998,2025-03-05T00:40:00Z,2025-03-05T00:34:28Z,2025-10-09T03:18:27.136927,-138.22
Dyson Daniels,3406,player_threes,0.65,0.40,0.53,0.48,-188,145,0.50,Atlanta Hawks,1,Milwaukee Bucks,0.00,126.33,-0.00,23.14,1000,14998,2025-03-05T00:40:00Z,2025-03-05T00:34:28Z,2025-10-09T03:18:27.141194,-126.33
Giannis Antetokounmpo,20,player_threes,0.16,0.94,0.44,0.57,154,-200,0.50,Milwaukee Bucks,21,Atlanta Hawks,82.02,0.00,10.36,-0.00,1000,14998,2025-03-05T00:40:00Z,2025-03-05T00:34:28Z,2025-10-09T03:18:27.149594,-82.02
Darius Garland,1860,player_assists,0.41,0.59,0.49,0.51,114,-145,7.50,Cleveland Cavaliers,7,Chicago Bulls,40.48,0.00,1.87,-0.00,1000,15000,2025-03-05T01:10:00Z,2025-03-05T01:05:04Z,2025-10-09T03:18:27.153841,-40.48
Tre Jones,2606,player_assists,0.41,0.59,0.49,0.51,120,-154,6.50,Chicago Bulls,6,Chicago Bulls,62.90,0.00,4.75,-0.00,1000,15000,2025-03-05T01:10:00Z,2025-03-05T01:05:04Z,2025-10-09T03:18:27.158411,75.48
Ty Jerome,1870,player_assists,0.49,0.51,0.50,0.50,-135,105,3.50,Cleveland Cavaliers,7,Chicago Bulls,0.00,26.95,-0.00,0.76,1000,15000,2025-03-05T01:10:00Z,2025-03-05T01:05:04Z,2025-10-09T03:18:27.171197,28.30
Max Strus,2051,player_assists,0.41,0.59,0.49,0.51,124,-160,3.50,Cleveland Cavaliers,7,Chicago Bulls,76.64,0.00,7.28,-0.00,1000,15000,2025-03-05T01:10:00Z,2025-03-05T01:05:04Z,2025-10-09T03:18:27.179922,95.03
Jarrett Allen,727,player_assists,0.41,0.59,0.49,0.51,140,-180,2.50,Cleveland Cavaliers,7,Chicago Bulls,123.75,0.00,21.44,-0.00,1000,15000,2025-03-05T01:10:00Z,2025-03-05T01:05:04Z,2025-10-09T03:18:27.196963,173.25
Matas Buzelis,4098,player_assists,0.49,0.38,0.50,0.49,-140,110,1.50,Chicago Bulls,6,Cleveland Cavaliers,0.00,17.40,-0.00,0.33,1000,15000,2025-03-05T01:10:00Z,2025-03-05T01:05:04Z,2025-10-09T03:18:27.201169,-17.40
Jarrett Allen,727,player_rebounds,0.33,1.00,0.48,0.56,120,-154,12.50,Cleveland Cavaliers,7,Chicago Bulls,44.81,0.00,2.41,-0.00,1000,15000,2025-03-05T01:10:00Z,2025-03-05T01:05:04Z,2025-10-09T03:18:27.468449,53.77
Tre Jones,2606,player_rebounds,0.36,1.00,0.48,0.56,110,-140,4.50,Chicago Bulls,6,Chicago Bulls,11.30,0.00,0.14,-0.00,1000,15000,2025-03-05T01:10:00Z,2025-03-05T01:05:04Z,2025-10-09T03:18:27.507090,12.43
Isaac Okoro,2630,player_rebounds,0.56,0.00,0.51,0.44,-166,130,2.50,Cleveland Cavaliers,7,Chicago Bulls,0.00,3.86,-0.00,0.02,1000,15000,2025-03-05T01:10:00Z,2025-03-05T01:05:04Z,2025-10-09T03:18:27.532798,5.02
Jevon Carter,949,player_rebounds,0.55,0.00,0.51,0.44,-166,130,1.50,Chicago Bulls,6,Cleveland Cavaliers,0.00,3.86,-0.00,0.02,1000,15000,2025-03-05T01:10:00Z,2025-03-05T01:05:04Z,2025-10-09T03:18:27.549916,-3.86
Max Strus,2051,player_threes,0.22,0.94,0.45,0.57,130,-166,2.50,Cleveland Cavaliers,7,Chicago Bulls,34.12,0.00,1.51,-0.00,1000,15000,2025-03-05T01:10:00Z,2025-03-05T01:05:04Z,2025-10-09T03:18:27.572289,44.35
Sam Merrill,2623,player_threes,0.65,0.40,0.53,0.48,-180,140,1.50,Cleveland Cavaliers,7,Chicago Bulls,0.00,113.60,-0.00,18.07,1000,15000,2025-03-05T01:10:00Z,2025-03-05T01:05:04Z,2025-10-09T03:18:27.576595,-113.60
Dean Wade,2392,player_threes,0.16,0.71,0.44,0.54,140,-180,1.50,Cleveland Cavaliers,7,Chicago Bulls,45.88,0.00,2.95,-0.00,1000,15000,2025-03-05T01:10:00Z,2025-03-05T01:05:04Z,2025-10-09T03:18:27.598598,64.23
Zach Collins,762,player_threes,0.16,0.77,0.44,0.54,145,-188,1.50,Chicago Bulls,6,Chicago Bulls,59.59,0.00,5.15,-0.00,1000,15000,2025-03-05T01:10:00Z,2025-03-05T01:05:04Z,2025-10-09T03:18:27.602717,-59.59
Isaac Okoro,2630,player_threes,0.16,0.71,0.44,0.54,180,-238,1.50,Cleveland Cavaliers,7,Chicago Bulls,134.22,0.00,32.43,-0.00,1000,15000,2025-03-05T01:10:00Z,2025-03-05T01:05:04Z,2025-10-09T03:18:27.606891,-134.22
Dalen Terry,3494,player_threes,0.65,0.40,0.53,0.48,-160,124,0.50,Chicago Bulls,6,Cleveland Cavaliers,0.00,65.94,-0.00,5.39,1000,15000,2025-03-05T01:10:00Z,2025-03-05T01:05:04Z,2025-10-09T03:18:27.611441,81.76
Derrick White,897,player_assists,0.41,0.59,0.49,0.51,105,-135,5.50,Boston Celtics,2,Portland Trail Blazers,2.05,0.00,0.00,-0.00,1000,15005,2025-03-06T00:10:00Z,2025-03-06T00:05:58Z,2025-10-09T03:18:27.625379,-2.05
Deni Avdija,2564,player_assists,0.41,0.61,0.49,0.51,130,-166,4.50,Portland Trail Blazers,29,Boston Celtics,95.66,0.00,11.90,-0.00,1000,15005,2025-03-06T00:10:00Z,2025-03-06T00:05:58Z,2025-10-09T03:18:27.643882,-95.66
Al Horford,248,player_assists,0.41,0.59,0.49,0.51,105,-135,2.50,Boston Celtics,2,Portland Trail Blazers,2.05,0.00,0.00,-0.00,1000,15005,2025-03-06T00:10:00Z,2025-03-06T00:05:58Z,2025-10-09T03:18:27.664640,2.15
Toumani Camara,4015,player_assists,0.49,0.45,0.50,0.49,-160,124,1.50,Portland Trail Blazers,29,Boston Celtics,0.00,86.46,-0.00,9.27,1000,15005,2025-03-06T00:10:00Z,2025-03-06T00:05:58Z,2025-10-09T03:18:27.668860,-86.46
Scoot Henderson,3408,player_points,1.00,0.55,0.52,0.50,-105,-125,11.50,Portland Trail Blazers,29,Boston Celtics,14.81,0.00,0.21,-0.00,1000,15005,2025-03-06T00:10:00Z,2025-03-06T00:05:58Z,2025-10-09T03:18:27.707684,14.10
Al Horford,248,player_rebounds,1.00,0.33,0.56,0.48,-145,114,6.50,Boston Celtics,2,Portland Trail Blazers,0.00,21.96,-0.00,0.55,1000,15005,2025-03-06T00:10:00Z,2025-03-06T00:05:58Z,2025-10-09T03:18:27.877602,-21.96
Toumani Camara,4015,player_rebounds,0.33,1.00,0.48,0.56,114,-145,6.50,Portland Trail Blazers,29,Boston Celtics,21.96,0.00,0.55,-0.00,1000,15005,2025-03-06T00:10:00Z,2025-03-06T00:05:58Z,2025-10-09T03:18:27.886228,-21.96
Derrick White,897,player_rebounds,0.33,0.53,0.48,0.50,110,-140,4.50,Boston Celtics,2,Portland Trail Blazers,5.34,0.00,0.03,-0.00,1000,15005,2025-03-06T00:10:00Z,2025-03-06T00:05:58Z,2025-10-09T03:18:27.903891,-5.34
Payton Pritchard,2635,player_rebounds,0.86,0.33,0.55,0.48,-145,114,3.50,Boston Celtics,2,Portland Trail Blazers,0.00,21.96,-0.00,0.55,1000,15005,2025-03-06T00:10:00Z,2025-03-06T00:05:58Z,2025-10-09T03:18:27.908562,-21.96
Derrick White,897,player_threes,0.72,0.40,0.54,0.48,-154,120,3.50,Boston Celtics,2,Portland Trail Blazers,0.00,52.04,-0.00,3.25,1000,15005,2025-03-06T00:10:00Z,2025-03-06T00:05:58Z,2025-10-09T03:18:27.921685,-52.04
Anfernee Simons,1023,player_threes,0.55,0.40,0.51,0.48,-166,130,2.50,Portland Trail Blazers,29,Boston Celtics,0.00,85.18,-0.00,9.43,1000,15005,2025-03-06T00:10:00Z,2025-03-06T00:05:58Z,2025-10-09T03:18:27.935524,-85.18
Jaylen Brown,75,player_threes,0.22,0.71,0.45,0.54,130,-166,2.50,Boston Celtics,2,Portland Trail Blazers,34.12,0.00,1.51,-0.00,1000,15005,2025-03-06T00:10:00Z,2025-03-06T00:05:58Z,2025-10-09T03:18:27.945141,-34.12
Al Horford,248,player_threes,0.70,0.40,0.53,0.48,-195,150,1.50,Boston Celtics,2,Portland Trail Blazers,0.00,138.22,-0.00,28.66,1000,15005,2025-03-06T00:10:00Z,2025-03-06T00:05:58Z,2025-10-09T03:18:27.949585,-138.22
Tyrese Haliburton,2595,player_assists,0.41,0.59,0.49,0.51,124,-160,9.50,Indiana Pacers,15,Houston Rockets,76.64,0.00,7.28,-0.00,1000,14996,2025-03-05T00:10:00Z,2025-03-05T00:06:03Z,2025-10-09T03:18:27.966624,95.03
Amen Thompson,3977,player_assists,0.37,0.59,0.48,0.51,120,-154,5.50,Houston Rockets,14,Indiana Pacers,54.48,0.00,3.56,-0.00,1000,14996,2025-03-05T00:10:00Z,2025-03-05T00:06:03Z,2025-10-09T03:18:27.970882,-54.48
Andrew Nembhard,3476,player_assists,0.67,0.32,0.52,0.48,-140,110,4.50,Indiana Pacers,15,Houston Rockets,0.00,5.86,-0.00,0.04,1000,14996,2025-03-05T00:10:00Z,2025-03-05T00:06:03Z,2025-10-09T03:18:27.975351,-5.86
T.J. McConnell,348,player_assists,0.41,0.59,0.49,0.51,105,-135,4.50,Indiana Pacers,15,Houston Rockets,2.05,0.00,0.00,-0.00,1000,14996,2025-03-05T00:10:00Z,2025-03-05T00:06:03Z,2025-10-09T03:18:27.983845,-2.05
Jalen Green,2810,player_assists,0.41,0.59,0.49,0.51,124,-160,4.50,Houston Rockets,14,Indiana Pacers,76.64,0.00,7.28,-0.00,1000,14996,2025-03-05T00:10:00Z,2025-03-05T00:06:03Z,2025-10-09T03:18:27.988261,-76.64
Dillon Brooks,749,player_assists,0.49,0.51,0.50,0.50,-130,100,1.50,Houston Rockets,14,Indiana Pacers,0.00,3.22,-0.00,0.01,1000,14996,2025-03-05T00:10:00Z,2025-03-05T00:06:03Z,2025-10-09T03:18:27.998673,-3.22
Tari Eason,3435,player_assists,0.33,1.00,0.48,0.56,124,-160,1.50,Houston Rockets,14,Indiana Pacers,61.23,0.00,4.65,-0.00,1000,14996,2025-03-05T00:10:00Z,2025-03-05T00:06:03Z,2025-10-09T03:18:28.007413,75.93
Ben Sheppard,3979,player_assists,0.33,0.64,0.48,0.52,135,-175,1.50,Indiana Pacers,15,Houston Rockets,95.38,0.00,12.28,-0.00,1000,14996,2025-03-05T00:10:00Z,2025-03-05T00:06:03Z,2025-10-09T03:18:28.011807,128.76
Andrew Nembhard,3476,player_points,0.51,0.55,0.50,0.50,100,-130,12.50,Indiana Pacers,15,Houston Rockets,0.77,0.00,0.00,-0.00,1000,14996,2025-03-05T00:10:00Z,2025-03-05T00:06:03Z,2025-10-09T03:18:28.046899,-0.77
Tari Eason,3435,player_points,0.51,0.55,0.50,0.50,100,-130,11.50,Houston Rockets,14,Indiana Pacers,0.77,0.00,0.00,-0.00,1000,14996,2025-03-05T00:10:00Z,2025-03-05T00:06:03Z,2025-10-09T03:18:28.055361,0.77
T.J. McConnell,348,player_points,0.64,0.48,0.51,0.50,-135,105,7.50,Indiana Pacers,15,Houston Rockets,0.00,22.56,-0.00,0.53,1000,14996,2025-03-05T00:10:00Z,2025-03-05T00:06:03Z,2025-10-09T03:18:28.063805,23.69
Ben Sheppard,3979,player_points,0.40,0.48,0.50,0.50,-135,105,5.50,Indiana Pacers,15,Houston Rockets,0.00,22.46,-0.00,0.53,1000,14996,2025-03-05T00:10:00Z,2025-03-05T00:06:03Z,2025-10-09T03:18:28.073202,23.58
Pascal Siakam,479,player_rebounds,0.33,1.00,0.48,0.56,114,-145,7.50,Indiana Pacers,15,Houston Rockets,21.96,0.00,0.55,-0.00,1000,14996,2025-03-05T00:10:00Z,2025-03-05T00:06:03Z,2025-10-09T03:18:28.262547,-21.96
Tari Eason,3435,player_rebounds,0.63,0.33,0.52,0.48,-145,114,5.50,Houston Rockets,14,Indiana Pacers,0.00,21.96,-0.00,0.55,1000,14996,2025-03-05T00:10:00Z,2025-03-05T00:06:03Z,2025-10-09T03:18:28.271438,-21.96
Thomas Bryant,753,player_rebounds,0.56,0.33,0.51,0.48,-160,124,3.50,Indiana Pacers,15,Indiana Pacers,0.00,58.82,-0.00,4.29,1000,14996,2025-03-05T00:10:00Z,2025-03-05T00:06:03Z,2025-10-09T03:18:28.284891,-58.82
Tyrese Haliburton,2595,player_rebounds,0.41,1.00,0.49,0.56,105,-135,3.50,Indiana Pacers,15,Houston Rockets,2.66,0.00,0.01,-0.00,1000,14996,2025-03-05T00:10:00Z,2025-03-05T00:06:03Z,2025-10-09T03:18:28.298001,-2.66
Andrew Nembhard,3476,player_rebounds,0.41,0.69,0.49,0.52,110,-140,3.50,Indiana Pacers,15,Houston Rockets,24.78,0.00,0.68,-0.00,1000,14996,2025-03-05T00:10:00Z,2025-03-05T00:06:03Z,2025-10-09T03:18:28.302259,27.25
Ben Sheppard,3979,player_rebounds,0.55,0.00,0.51,0.44,-166,130,2.50,Indiana Pacers,15,Houston Rockets,0.00,3.86,-0.00,0.02,1000,14996,2025-03-05T00:10:00Z,2025-03-05T00:06:03Z,2025-10-09T03:18:28.306753,-3.86
T.J. McConnell,348,player_rebounds,1.00,0.00,0.56,0.44,-166,130,1.50,Indiana Pacers,15,Houston Rockets,0.00,3.86,-0.00,0.02,1000,14996,2025-03-05T00:10:00Z,2025-03-05T00:06:03Z,2025-10-09T03:18:28.311047,5.02
Jalen Green,2810,player_threes,0.22,0.71,0.45,0.54,135,-175,3.50,Houston Rockets,14,Indiana Pacers,49.67,0.00,3.33,-0.00,1000,14996,2025-03-05T00:10:00Z,2025-03-05T00:06:03Z,2025-10-09T03:18:28.319575,-49.67
Myles Turner,522,player_threes,0.34,0.94,0.47,0.57,135,-175,2.50,Indiana Pacers,15,Houston Rockets,83.28,0.00,9.36,-0.00,1000,14996,2025-03-05T00:10:00Z,2025-03-05T00:06:03Z,2025-10-09T03:18:28.324488,112.43
Dillon Brooks,749,player_threes,0.67,0.40,0.53,0.48,-195,150,1.50,Houston Rockets,14,Indiana Pacers,0.00,138.22,-0.00,28.66,1000,14996,2025-03-05T00:10:00Z,2025-03-05T00:06:03Z,2025-10-09T03:18:28.328884,-138.22
Andrew Nembhard,3476,player_threes,0.65,0.40,0.53,0.48,-230,175,0.50,Indiana Pacers,15,Houston Rockets,0.00,187.46,-0.00,61.50,1000,14996,2025-03-05T00:10:00Z,2025-03-05T00:06:03Z,2025-10-09T03:18:28.343184,-187.46
Tari Eason,3435,player_threes,0.67,0.40,0.53,0.48,-230,175,0.50,Houston Rockets,14,Indiana Pacers,0.00,187.46,-0.00,61.50,1000,14996,2025-03-05T00:10:00Z,2025-03-05T00:06:03Z,2025-10-09T03:18:28.347617,-187.46
Anthony Edwards,2584,player_assists,0.41,0.59,0.49,0.51,124,-160,5.50,Minnesota Timberwolves,22,Philadelphia 76ers,76.64,0.00,7.28,-0.00,1000,15001,2025-03-05T01:10:00Z,2025-03-05T01:01:41Z,2025-10-09T03:18:28.352200,-76.64
Julius Randle,441,player_assists,0.41,0.59,0.49,0.51,120,-154,4.50,Minnesota Timberwolves,22,Philadelphia 76ers,62.90,0.00,4.75,-0.00,1000,15001,2025-03-05T01:10:00Z,2025-03-05T01:01:41Z,2025-10-09T03:18:28.361194,75.48
Mike Conley,114,player_assists,0.41,0.59,0.49,0.51,120,-154,4.50,Minnesota Timberwolves,22,Philadelphia 76ers,62.90,0.00,4.75,-0.00,1000,15001,2025-03-05T01:10:00Z,2025-03-05T01:01:41Z,2025-10-09T03:18:28.365470,75.48
Quentin Grimes,2811,player_assists,0.49,0.51,0.50,0.50,-135,105,3.50,Philadelphia 76ers,27,Minnesota Timberwolves,0.00,26.95,-0.00,0.76,1000,15001,2025-03-05T01:10:00Z,2025-03-05T01:01:41Z,2025-10-09T03:18:28.369779,28.30
Jaden McDaniels,2621,player_assists,0.37,0.64,0.48,0.52,120,-154,2.50,Minnesota Timberwolves,22,Philadelphia 76ers,54.48,0.00,3.56,-0.00,1000,15001,2025-03-05T01:10:00Z,2025-03-05T01:01:41Z,2025-10-09T03:18:28.386796,-54.48
Nickeil Alexander-Walker,1845,player_assists,0.41,0.59,0.49,0.51,120,-154,2.50,Minnesota Timberwolves,22,Philadelphia 76ers,62.90,0.00,4.75,-0.00,1000,15001,2025-03-05T01:10:00Z,2025-03-05T01:01:41Z,2025-10-09T03:18:28.391132,75.48
Paul George,189,player_points,0.55,0.55,0.50,0.50,100,-130,19.50,Philadelphia 76ers,27,Minnesota Timberwolves,3.83,0.00,0.01,-0.00,1000,15001,2025-03-05T01:10:00Z,2025-03-05T01:05:08Z,2025-10-09T03:18:28.404358,-3.83
Quentin Grimes,2811,player_points,0.51,0.57,0.50,0.50,110,-140,16.50,Philadelphia 76ers,27,Minnesota Timberwolves,46.19,0.00,2.35,-0.00,1000,15001,2025-03-05T01:10:00Z,2025-03-05T01:05:08Z,2025-10-09T03:18:28.423877,50.81
Donte DiVincenzo,962,player_points,0.51,0.55,0.50,0.50,100,-130,12.50,Minnesota Timberwolves,22,Philadelphia 76ers,0.77,0.00,0.00,-0.00,1000,15001,2025-03-05T01:10:00Z,2025-03-05T01:05:08Z,2025-10-09T03:18:28.433318,-0.77
Anthony Edwards,2584,player_rebounds,0.33,0.56,0.48,0.51,120,-154,6.50,Minnesota Timberwolves,22,Philadelphia 76ers,44.81,0.00,2.41,-0.00,1000,15001,2025-03-05T01:10:00Z,2025-03-05T01:05:08Z,2025-10-09T03:18:28.633623,-44.81
Donte DiVincenzo,962,player_rebounds,1.00,0.33,0.56,0.48,-140,110,3.50,Minnesota Timberwolves,22,Philadelphia 76ers,0.00,5.34,-0.00,0.03,1000,15001,2025-03-05T01:10:00Z,2025-03-05T01:05:08Z,2025-10-09T03:18:28.650271,5.87
Nickeil Alexander-Walker,1845,player_rebounds,0.36,0.69,0.48,0.52,130,-166,3.50,Minnesota Timberwolves,22,Philadelphia 76ers,83.74,0.00,9.12,-0.00,1000,15001,2025-03-05T01:10:00Z,2025-03-05T01:05:08Z,2025-10-09T03:18:28.654654,-83.74
Mike Conley,114,player_rebounds,0.36,0.69,0.48,0.52,124,-160,2.50,Minnesota Timberwolves,22,Philadelphia 76ers,64.46,0.00,5.15,-0.00,1000,15001,2025-03-05T01:10:00Z,2025-03-05T01:05:08Z,2025-10-09T03:18:28.658954,79.93
Donte DiVincenzo,962,player_threes,0.60,0.45,0.52,0.49,-160,124,2.50,Minnesota Timberwolves,22,Philadelphia 76ers,0.00,80.71,-0.00,8.08,1000,15001,2025-03-05T01:10:00Z,2025-03-05T01:05:08Z,2025-10-09T03:18:28.667534,-80.71
Nickeil Alexander-Walker,1845,player_threes,0.22,0.92,0.45,0.57,100,-130,1.50,Minnesota Timberwolves,22,Philadelphia 76ers,0.00,8.78,-0.00,0.06,1000,15001,2025-03-05T01:10:00Z,2025-03-05T01:05:08Z,2025-10-09T03:18:28.690597,-8.78
Jaden McDaniels,2621,player_threes,0.22,0.80,0.45,0.55,124,-160,1.50,Minnesota Timberwolves,22,Philadelphia 76ers,13.80,0.00,0.24,-0.00,1000,15001,2025-03-05T01:10:00Z,2025-03-05T01:05:08Z,2025-10-09T03:18:28.703506,-13.80
Desmond Bane,2568,player_assists,0.41,0.59,0.49,0.51,105,-135,7.50,Memphis Grizzlies,19,Atlanta Hawks,2.05,0.00,0.00,-0.00,1000,14992,2025-03-04T01:10:00Z,2025-03-04T01:05:20Z,2025-10-09T03:18:28.712290,2.15
Dyson Daniels,3406,player_assists,0.41,0.59,0.49,0.51,124,-160,4.50,Atlanta Hawks,1,Memphis Grizzlies,76.64,0.00,7.28,-0.00,1000,14992,2025-03-04T01:10:00Z,2025-03-04T01:05:20Z,2025-10-09T03:18:28.721944,95.03
Onyeka Okongwu,2629,player_assists,0.49,0.45,0.50,0.49,-145,114,2.50,Atlanta Hawks,1,Memphis Grizzlies,0.00,50.68,-0.00,2.93,1000,14992,2025-03-04T01:10:00Z,2025-03-04T01:05:20Z,2025-10-09T03:18:28.726472,57.78
Jaylen Wells,4133,player_assists,0.49,0.41,0.50,0.49,-188,145,1.50,Memphis Grizzlies,19,Atlanta Hawks,0.00,136.70,-0.00,27.10,1000,14992,2025-03-04T01:10:00Z,2025-03-04T01:05:20Z,2025-10-09T03:18:28.735208,-136.70
Jaylen Wells,4133,player_points_rebounds_assists,0.53,0.45,0.50,0.50,-130,100,18.50,Memphis Grizzlies,19,Atlanta Hawks,0.00,0.07,-0.00,0.00,1000,14992,2025-03-04T01:10:00Z,2025-03-04T01:05:20Z,2025-10-09T03:18:28.934454,-0.07
Onyeka Okongwu,2629,player_rebounds,0.33,1.00,0.48,0.56,110,-140,9.50,Atlanta Hawks,1,Memphis Grizzlies,5.34,0.00,0.03,-0.00,1000,14992,2025-03-04T01:10:00Z,2025-03-04T01:05:20Z,2025-10-09T03:18:28.943475,5.87
Clint Capela,92,player_rebounds,0.33,1.00,0.48,0.56,114,-145,7.50,Atlanta Hawks,1,Memphis Grizzlies,21.96,0.00,0.55,-0.00,1000,14992,2025-03-04T01:10:00Z,2025-03-04T01:05:20Z,2025-10-09T03:18:28.951886,-21.96
Desmond Bane,2568,player_rebounds,0.33,0.56,0.48,0.51,110,-140,6.50,Memphis Grizzlies,19,Atlanta Hawks,5.34,0.00,0.03,-0.00,1000,14992,2025-03-04T01:10:00Z,2025-03-04T01:05:20Z,2025-10-09T03:18:28.956127,5.87
Trae Young,1046,player_rebounds,1.00,0.00,0.56,0.44,-166,130,2.50,Atlanta Hawks,1,Memphis Grizzlies,0.00,3.86,-0.00,0.02,1000,14992,2025-03-04T01:10:00Z,2025-03-04T01:05:20Z,2025-10-09T03:18:28.990148,5.02
Jaylen Wells,4133,player_threes,0.34,0.94,0.47,0.57,130,-166,2.50,Memphis Grizzlies,19,Atlanta Hawks,68.28,0.00,6.06,-0.00,1000,14992,2025-03-04T01:10:00Z,2025-03-04T01:05:20Z,2025-10-09T03:18:29.011224,-68.28
Terance Mann,1877,player_threes,0.22,0.81,0.45,0.55,135,-175,1.50,Atlanta Hawks,1,Memphis Grizzlies,49.67,0.00,3.33,-0.00,1000,14992,2025-03-04T01:10:00Z,2025-03-04T01:05:20Z,2025-10-09T03:18:29.019552,-49.67
Dyson Daniels,3406,player_threes,0.60,0.40,0.52,0.48,-200,154,0.50,Atlanta Hawks,1,Memphis Grizzlies,0.00,147.17,-0.00,33.36,1000,14992,2025-03-04T01:10:00Z,2025-03-04T01:05:20Z,2025-10-09T03:18:29.023800,226.64
Paolo Banchero,3414,player_assists,0.41,0.59,0.49,0.51,120,-154,5.50,Orlando Magic,26,Toronto Raptors,62.90,0.00,4.75,-0.00,1000,14997,2025-03-05T00:10:00Z,2025-03-05T00:05:26Z,2025-10-09T03:18:29.028051,75.48
Immanuel Quickley,2636,player_assists,0.60,0.32,0.51,0.48,-145,114,4.50,Toronto Raptors,38,Orlando Magic,0.00,22.47,-0.00,0.58,1000,14997,2025-03-05T00:10:00Z,2025-03-05T00:05:26Z,2025-10-09T03:18:29.032355,25.62
Franz Wagner,2858,player_assists,0.41,0.59,0.49,0.51,120,-154,4.50,Orlando Magic,26,Toronto Raptors,62.90,0.00,4.75,-0.00,1000,14997,2025-03-05T00:10:00Z,2025-03-05T00:05:26Z,2025-10-09T03:18:29.040591,-62.90
Jamal Shead,4176,player_assists,0.33,0.64,0.48,0.52,120,-154,3.50,Toronto Raptors,38,Orlando Magic,47.26,0.00,2.68,-0.00,1000,14997,2025-03-05T00:10:00Z,2025-03-05T00:05:26Z,2025-10-09T03:18:29.044772,56.72
Jakob Poeltl,428,player_assists,0.41,0.59,0.49,0.51,120,-154,2.50,Toronto Raptors,38,Orlando Magic,62.90,0.00,4.75,-0.00,1000,14997,2025-03-05T00:10:00Z,2025-03-05T00:05:26Z,2025-10-09T03:18:29.054093,-62.90
Kentavious Caldwell-Pope,89,player_assists,0.41,0.59,0.49,0.51,114,-145,1.50,Orlando Magic,26,Toronto Raptors,40.48,0.00,1.87,-0.00,1000,14997,2025-03-05T00:10:00Z,2025-03-05T00:05:26Z,2025-10-09T03:18:29.058288,46.15
Jakob Poeltl,428,player_rebounds,0.33,1.00,0.48,0.56,114,-145,8.50,Toronto Raptors,38,Orlando Magic,21.96,0.00,0.55,-0.00,1000,14997,2025-03-05T00:10:00Z,2025-03-05T00:05:26Z,2025-10-09T03:18:29.216986,-21.96
Jonathan Isaac,801,player_rebounds,0.33,0.69,0.48,0.52,110,-140,4.50,Orlando Magic,26,Toronto Raptors,5.34,0.00,0.03,-0.00,1000,14997,2025-03-05T00:10:00Z,2025-03-05T00:05:26Z,2025-10-09T03:18:29.240511,-5.34
Jonathan Mogbo,4175,player_rebounds,0.33,0.62,0.48,0.52,114,-145,4.50,Toronto Raptors,38,Orlando Magic,21.96,0.00,0.55,-0.00,1000,14997,2025-03-05T00:10:00Z,2025-03-05T00:05:26Z,2025-10-09T03:18:29.244687,-21.96
Kentavious Caldwell-Pope,89,player_rebounds,0.41,0.69,0.49,0.52,114,-145,2.50,Orlando Magic,26,Toronto Raptors,41.07,0.00,1.92,-0.00,1000,14997,2025-03-05T00:10:00Z,2025-03-05T00:05:26Z,2025-10-09T03:18:29.257446,-41.07
Franz Wagner,2858,player_threes,0.65,0.40,0.53,0.48,-140,110,1.50,Orlando Magic,26,Toronto Raptors,0.00,12.87,-0.00,0.18,1000,14997,2025-03-05T00:10:00Z,2025-03-05T00:05:26Z,2025-10-09T03:18:29.265852,-12.87
Kentavious Caldwell-Pope,89,player_threes,0.22,0.71,0.45,0.54,145,-188,1.50,Orlando Magic,26,Toronto Raptors,77.56,0.00,8.72,-0.00,1000,14997,2025-03-05T00:10:00Z,2025-03-05T00:05:26Z,2025-10-09T03:18:29.274075,-77.56
Scottie Barnes,2789,player_threes,0.16,0.71,0.44,0.54,170,-220,1.50,Toronto Raptors,38,Orlando Magic,116.03,0.00,22.89,-0.00,1000,14997,2025-03-05T00:10:00Z,2025-03-05T00:05:26Z,2025-10-09T03:18:29.278368,-116.03
Nikola Jokic,279,player_assists,0.41,0.59,0.49,0.51,105,-135,10.50,Denver Nuggets,9,Sacramento Kings,2.05,0.00,0.00,-0.00,1000,15010,2025-03-06T02:10:00Z,2025-03-06T02:04:46Z,2025-10-09T03:18:29.282729,-2.05
Zach LaVine,308,player_assists,0.49,0.32,0.50,0.48,-160,124,4.50,Sacramento Kings,30,Denver Nuggets,0.00,59.31,-0.00,4.36,1000,15010,2025-03-06T02:10:00Z,2025-03-06T02:04:46Z,2025-10-09T03:18:29.300031,-59.31
Jonas Valanciunas,525,player_assists,0.41,0.59,0.49,0.51,120,-154,3.50,Sacramento Kings,30,Denver Nuggets,62.90,0.00,4.75,-0.00,1000,15010,2025-03-06T02:10:00Z,2025-03-06T02:04:46Z,2025-10-09T03:18:29.304369,75.48
Christian Braun,3420,player_assists,0.37,0.64,0.48,0.52,124,-160,2.50,Denver Nuggets,9,Sacramento Kings,68.34,0.00,5.79,-0.00,1000,15010,2025-03-06T02:10:00Z,2025-03-06T02:04:46Z,2025-10-09T03:18:29.312877,84.74
Keon Ellis,3436,player_assists,0.36,0.64,0.48,0.52,140,-180,2.50,Sacramento Kings,30,Denver Nuggets,113.95,0.00,18.18,-0.00,1000,15010,2025-03-06T02:10:00Z,2025-03-06T02:04:46Z,2025-10-09T03:18:29.321347,159.53
Keegan Murray,3475,player_assists,0.37,0.64,0.48,0.52,150,-195,2.50,Sacramento Kings,30,Denver Nuggets,140.43,0.00,29.58,-0.00,1000,15010,2025-03-06T02:10:00Z,2025-03-06T02:04:46Z,2025-10-09T03:18:29.325588,-140.43
Peyton Watson,3498,player_assists,0.36,0.64,0.48,0.52,124,-160,1.50,Denver Nuggets,9,Sacramento Kings,66.31,0.00,5.45,-0.00,1000,15010,2025-03-06T02:10:00Z,2025-03-06T02:04:46Z,2025-10-09T03:18:29.334075,-66.31
Jake LaRavia,3460,player_points,0.44,0.57,0.50,0.50,105,-135,6.50,Sacramento Kings,30,Denver Nuggets,19.56,0.00,0.40,-0.00,1000,15010,2025-03-06T02:10:00Z,2025-03-06T02:04:46Z,2025-10-09T03:18:29.382415,20.54
Peyton Watson,3498,player_points_assists,0.49,0.54,0.50,0.50,105,-135,7.50,Denver Nuggets,9,Sacramento Kings,23.22,0.00,0.57,-0.00,1000,15010,2025-03-06T02:10:00Z,2025-03-06T02:04:46Z,2025-10-09T03:18:29.452566,-23.22
Christian Braun,3420,player_rebounds,0.33,0.53,0.48,0.50,110,-140,5.50,Denver Nuggets,9,Sacramento Kings,5.34,0.00,0.03,-0.00,1000,15010,2025-03-06T02:10:00Z,2025-03-06T02:04:46Z,2025-10-09T03:18:29.584758,-5.34
Zach LaVine,308,player_rebounds,0.33,1.00,0.48,0.56,124,-160,4.50,Sacramento Kings,30,Denver Nuggets,58.82,0.00,4.29,-0.00,1000,15010,2025-03-06T02:10:00Z,2025-03-06T02:04:46Z,2025-10-09T03:18:29.597656,-58.82
Jamal Murray,383,player_rebounds,0.36,1.00,0.48,0.56,120,-154,3.50,Denver Nuggets,9,Sacramento Kings,50.54,0.00,3.06,-0.00,1000,15010,2025-03-06T02:10:00Z,2025-03-06T02:04:46Z,2025-10-09T03:18:29.610525,60.65
Keon Ellis,3436,player_rebounds,0.55,0.33,0.51,0.48,-175,135,2.50,Sacramento Kings,30,Denver Nuggets,0.00,93.05,-0.00,11.69,1000,15010,2025-03-06T02:10:00Z,2025-03-06T02:04:46Z,2025-10-09T03:18:29.614687,-93.05
Zach LaVine,308,player_threes,0.55,0.40,0.51,0.48,-145,114,2.50,Sacramento Kings,30,Denver Nuggets,0.00,31.22,-0.00,1.11,1000,15010,2025-03-06T02:10:00Z,2025-03-06T02:04:46Z,2025-10-09T03:18:29.627312,-31.22
Jamal Murray,383,player_threes,0.60,0.45,0.52,0.49,-140,110,2.50,Denver Nuggets,9,Sacramento Kings,0.00,28.48,-0.00,0.89,1000,15010,2025-03-06T02:10:00Z,2025-03-06T02:04:46Z,2025-10-09T03:18:29.631575,31.32
Keegan Murray,3475,player_threes,0.22,0.94,0.45,0.57,140,-180,2.50,Sacramento Kings,30,Denver Nuggets,64.11,0.00,5.75,-0.00,1000,15010,2025-03-06T02:10:00Z,2025-03-06T02:04:46Z,2025-10-09T03:18:29.636277,-64.11
Keon Ellis,3436,player_threes,0.22,0.94,0.45,0.57,140,-180,2.50,Sacramento Kings,30,Denver Nuggets,64.11,0.00,5.75,-0.00,1000,15010,2025-03-06T02:10:00Z,2025-03-06T02:04:46Z,2025-10-09T03:18:29.640495,-64.11
DeMar DeRozan,136,player_threes,0.16,0.71,0.44,0.54,145,-188,1.50,Sacramento Kings,30,Denver Nuggets,59.59,0.00,5.15,-0.00,1000,15010,2025-03-06T02:10:00Z,2025-03-06T02:04:46Z,2025-10-09T03:18:29.649004,86.40
Russell Westbrook,544,player_threes,0.22,0.94,0.45,0.57,145,-188,1.50,Denver Nuggets,9,Sacramento Kings,77.56,0.00,8.72,-0.00,1000,15010,2025-03-06T02:10:00Z,2025-03-06T02:04:46Z,2025-10-09T03:18:29.653224,112.46
Trey Lyles,331,player_threes,0.16,0.71,0.44,0.54,175,-230,1.50,Sacramento Kings,30,Denver Nuggets,125.39,0.00,27.51,-0.00,1000,15010,2025-03-06T02:10:00Z,2025-03-06T02:04:46Z,2025-10-09T03:18:29.657423,-125.39
Christian Braun,3420,player_threes,0.70,0.40,0.53,0.48,-188,145,0.50,Denver Nuggets,9,Sacramento Kings,0.00,126.33,-0.00,23.14,1000,15010,2025-03-06T02:10:00Z,2025-03-06T02:04:46Z,2025-10-09T03:18:29.661821,-126.33
Jake LaRavia,3460,player_threes,0.60,0.40,0.52,0.48,-154,120,0.50,Sacramento Kings,30,Denver Nuggets,0.00,52.04,-0.00,3.25,1000,15010,2025-03-06T02:10:00Z,2025-03-06T02:04:46Z,2025-10-09T03:18:29.666184,-52.04
Peyton Watson,3498,player_threes,0.22,0.94,0.45,0.57,135,-175,0.50,Denver Nuggets,9,Sacramento Kings,49.67,0.00,3.33,-0.00,1000,15010,2025-03-06T02:10:00Z,2025-03-06T02:04:46Z,2025-10-09T03:18:29.670367,-49.67
Malik Monk,842,player_assists,0.41,0.59,0.49,0.51,110,-140,6.50,Sacramento Kings,30,Dallas Mavericks,24.17,0.00,0.64,-0.00,1000,14994,2025-03-04T01:40:00Z,2025-03-04T01:35:50Z,2025-10-09T03:18:29.674512,26.59
Kyrie Irving,261,player_assists,0.67,0.32,0.52,0.48,-154,120,4.50,Dallas Mavericks,8,Sacramento Kings,0.00,45.31,-0.00,2.46,1000,14994,2025-03-04T01:40:00Z,2025-03-04T01:35:50Z,2025-10-09T03:18:29.678663,54.38
Max Christie,3427,player_assists,0.49,0.45,0.50,0.49,-166,130,2.50,Dallas Mavericks,8,Dallas Mavericks,0.00,105.28,-0.00,14.41,1000,14994,2025-03-04T01:40:00Z,2025-03-04T01:35:50Z,2025-10-09T03:18:29.700924,-105.28
Naji Marshall,2668,player_assists,0.49,0.38,0.50,0.49,-160,124,2.50,Dallas Mavericks,8,Sacramento Kings,0.00,70.23,-0.00,6.12,1000,14994,2025-03-04T01:40:00Z,2025-03-04T01:35:50Z,2025-10-09T03:18:29.705238,-70.23
Dwight Powell,433,player_assists,0.33,0.64,0.48,0.52,124,-160,2.50,Dallas Mavericks,8,Sacramento Kings,61.23,0.00,4.65,-0.00,1000,14994,2025-03-04T01:40:00Z,2025-03-04T01:35:50Z,2025-10-09T03:18:29.714013,-61.23
Klay Thompson,514,player_assists,0.60,0.38,0.51,0.49,-145,114,1.50,Dallas Mavericks,8,Sacramento Kings,0.00,33.82,-0.00,1.30,1000,14994,2025-03-04T01:40:00Z,2025-03-04T01:35:50Z,2025-10-09T03:18:29.718241,38.55
Keegan Murray,3475,player_assists,0.37,0.64,0.48,0.52,114,-145,1.50,Sacramento Kings,30,Dallas Mavericks,31.86,0.00,1.16,-0.00,1000,14994,2025-03-04T01:40:00Z,2025-03-04T01:35:50Z,2025-10-09T03:18:29.722722,36.32
Keon Ellis,3436,player_assists,0.36,0.64,0.48,0.52,120,-154,1.50,Sacramento Kings,30,Dallas Mavericks,52.42,0.00,3.30,-0.00,1000,14994,2025-03-04T01:40:00Z,2025-03-04T01:35:50Z,2025-10-09T03:18:29.727678,-52.42
Keon Ellis,3436,player_points,0.40,0.55,0.50,0.50,105,-135,8.50,Sacramento Kings,30,Dallas Mavericks,16.55,0.00,0.29,-0.00,1000,14994,2025-03-04T01:40:00Z,2025-03-04T01:35:50Z,2025-10-09T03:18:29.780951,-16.55
Keegan Murray,3475,player_points_rebounds_assists,0.57,0.42,0.50,0.50,-135,105,20.50,Sacramento Kings,30,Dallas Mavericks,0.00,23.92,-0.00,0.60,1000,14994,2025-03-04T01:40:00Z,2025-03-04T01:35:50Z,2025-10-09T03:18:29.938885,-23.92
DeMar DeRozan,136,player_rebounds,0.33,0.62,0.48,0.52,110,-140,4.50,Sacramento Kings,30,Dallas Mavericks,5.34,0.00,0.03,-0.00,1000,14994,2025-03-04T01:40:00Z,2025-03-04T01:35:50Z,2025-10-09T03:18:29.995626,-5.34
Malik Monk,842,player_rebounds,0.33,1.00,0.48,0.56,114,-145,4.50,Sacramento Kings,30,Dallas Mavericks,21.96,0.00,0.55,-0.00,1000,14994,2025-03-04T01:40:00Z,2025-03-04T01:35:50Z,2025-10-09T03:18:30.000034,-21.96
Max Christie,3427,player_rebounds,0.33,1.00,0.48,0.56,124,-160,4.50,Dallas Mavericks,8,Dallas Mavericks,58.82,0.00,4.29,-0.00,1000,14994,2025-03-04T01:40:00Z,2025-03-04T01:35:50Z,2025-10-09T03:18:30.004604,72.93
Keon Ellis,3436,player_rebounds,0.36,0.62,0.48,0.52,124,-160,3.50,Sacramento Kings,30,Dallas Mavericks,64.46,0.00,5.15,-0.00,1000,14994,2025-03-04T01:40:00Z,2025-03-04T01:35:50Z,2025-10-09T03:18:30.013064,-64.46
Spencer Dinwiddie,142,player_rebounds,0.41,0.67,0.49,0.52,105,-135,2.50,Dallas Mavericks,8,Sacramento Kings,2.66,0.00,0.01,-0.00,1000,14994,2025-03-04T01:40:00Z,2025-03-04T01:35:50Z,2025-10-09T03:18:30.021312,2.80
Zach LaVine,308,player_threes,0.55,0.45,0.51,0.49,-135,105,2.50,Sacramento Kings,30,Dallas Mavericks,0.00,6.45,-0.00,0.04,1000,14994,2025-03-04T01:40:00Z,2025-03-04T01:35:50Z,2025-10-09T03:18:30.033922,-6.45
Malik Monk,842,player_threes,0.22,0.71,0.45,0.54,135,-175,2.50,Sacramento Kings,30,Dallas Mavericks,49.67,0.00,3.33,-0.00,1000,14994,2025-03-04T01:40:00Z,2025-03-04T01:35:50Z,2025-10-09T03:18:30.038008,67.06
Keegan Murray,3475,player_threes,0.67,0.40,0.53,0.48,-166,130,1.50,Sacramento Kings,30,Dallas Mavericks,0.00,85.18,-0.00,9.43,1000,14994,2025-03-04T01:40:00Z,2025-03-04T01:35:50Z,2025-10-09T03:18:30.042130,-85.18
Max Christie,3427,player_threes,0.67,0.40,0.53,0.48,-160,124,1.50,Dallas Mavericks,8,Dallas Mavericks,0.00,65.94,-0.00,5.39,1000,14994,2025-03-04T01:40:00Z,2025-03-04T01:35:50Z,2025-10-09T03:18:30.046169,81.76
Spencer Dinwiddie,142,player_threes,0.22,0.94,0.45,0.57,135,-175,1.50,Dallas Mavericks,8,Sacramento Kings,49.67,0.00,3.33,-0.00,1000,14994,2025-03-04T01:40:00Z,2025-03-04T01:35:50Z,2025-10-09T03:18:30.054947,-49.67
DeMar DeRozan,136,player_threes,0.16,0.71,0.44,0.54,154,-200,1.50,Sacramento Kings,30,Dallas Mavericks,82.02,0.00,10.36,-0.00,1000,14994,2025-03-04T01:40:00Z,2025-03-04T01:35:50Z,2025-10-09T03:18:30.059173,-82.02
Naji Marshall,2668,player_threes,0.22,0.94,0.45,0.57,180,-238,1.50,Dallas Mavericks,8,Sacramento Kings,150.77,0.00,40.92,-0.00,1000,14994,2025-03-04T01:40:00Z,2025-03-04T01:35:50Z,2025-10-09T03:18:30.063400,-150.77
Luka Doncic,963,player_assists,0.60,0.32,0.51,0.48,-154,120,7.50,Los Angeles Lakers,17,New Orleans Pelicans,0.00,45.31,-0.00,2.46,1000,15004,2025-03-05T03:40:00Z,2025-03-05T03:35:52Z,2025-10-09T03:18:30.067550,-45.31
Gabe Vincent,1775,player_assists,0.33,0.89,0.48,0.55,140,-180,2.50,Los Angeles Lakers,17,New Orleans Pelicans,109.13,0.00,16.67,-0.00,1000,15004,2025-03-05T03:40:00Z,2025-03-05T03:35:52Z,2025-10-09T03:18:30.093278,152.78
Jaxson Hayes,1864,player_assists,0.33,0.84,0.48,0.54,130,-166,1.50,Los Angeles Lakers,17,New Orleans Pelicans,80.58,0.00,8.44,-0.00,1000,15004,2025-03-05T03:40:00Z,2025-03-05T03:35:52Z,2025-10-09T03:18:30.102249,-80.58
Yves Missi,4145,player_points,0.40,0.48,0.50,0.50,-135,105,7.50,New Orleans Pelicans,23,Los Angeles Lakers,0.00,22.46,-0.00,0.53,1000,15004,2025-03-05T03:40:00Z,2025-03-05T03:35:52Z,2025-10-09T03:18:30.151313,23.58
Jose Alvarado,2941,player_points_rebounds_assists,0.41,0.56,0.50,0.50,105,-135,13.50,New Orleans Pelicans,23,Los Angeles Lakers,23.92,0.00,0.60,-0.00,1000,15004,2025-03-05T03:40:00Z,2025-03-05T03:35:52Z,2025-10-09T03:18:30.364806,-23.92
Jarred Vanderbilt,1036,player_rebounds,0.33,0.67,0.48,0.52,114,-145,5.50,Los Angeles Lakers,17,New Orleans Pelicans,21.96,0.00,0.55,-0.00,1000,15004,2025-03-05T03:40:00Z,2025-03-05T03:35:52Z,2025-10-09T03:18:30.398900,25.03
Trey Murphy III,2837,player_rebounds,0.33,1.00,0.48,0.56,124,-160,5.50,New Orleans Pelicans,23,Los Angeles Lakers,58.82,0.00,4.29,-0.00,1000,15004,2025-03-05T03:40:00Z,2025-03-05T03:35:52Z,2025-10-09T03:18:30.403010,72.93
Dorian Finney-Smith,175,player_rebounds,0.33,0.56,0.48,0.51,114,-145,4.50,Los Angeles Lakers,17,New Orleans Pelicans,21.96,0.00,0.55,-0.00,1000,15004,2025-03-05T03:40:00Z,2025-03-05T03:35:52Z,2025-10-09T03:18:30.407175,25.03
Dalton Knecht,4126,player_rebounds,0.54,0.00,0.51,0.44,-166,130,2.50,Los Angeles Lakers,17,New Orleans Pelicans,0.00,3.86,-0.00,0.02,1000,15004,2025-03-05T03:40:00Z,2025-03-05T03:35:52Z,2025-10-09T03:18:30.411256,-3.86
Jordan Hawkins,4002,player_threes,0.60,0.40,0.52,0.48,-160,124,1.50,New Orleans Pelicans,23,Los Angeles Lakers,0.00,65.94,-0.00,5.39,1000,15004,2025-03-05T03:40:00Z,2025-03-05T03:35:52Z,2025-10-09T03:18:30.444100,-65.94
Kelly Olynyk,404,player_threes,0.60,0.40,0.52,0.48,-220,170,0.50,New Orleans Pelicans,23,Los Angeles Lakers,0.00,178.77,-0.00,54.33,1000,15004,2025-03-05T03:40:00Z,2025-03-05T03:35:52Z,2025-10-09T03:18:30.457318,-178.77
Jarred Vanderbilt,1036,player_threes,0.22,0.71,0.45,0.54,130,-166,0.50,Los Angeles Lakers,17,New Orleans Pelicans,34.12,0.00,1.51,-0.00,1000,15004,2025-03-05T03:40:00Z,2025-03-05T03:35:52Z,2025-10-09T03:18:30.461704,44.35
Chris Paul,415,player_assists,0.60,0.32,0.51,0.48,-140,110,6.50,San Antonio Spurs,31,Brooklyn Nets,0.00,5.86,-0.00,0.04,1000,15002,2025-03-05T01:40:00Z,2025-03-05T01:35:18Z,2025-10-09T03:18:30.466059,-5.86
De'Aaron Fox,776,player_assists,0.60,0.32,0.51,0.48,-145,114,5.50,San Antonio Spurs,31,Brooklyn Nets,0.00,22.47,-0.00,0.58,1000,15002,2025-03-05T01:40:00Z,2025-03-05T01:35:18Z,2025-10-09T03:18:30.470264,-22.47
D'Angelo Russell,462,player_assists,0.41,0.59,0.49,0.51,124,-160,5.50,Brooklyn Nets,4,San Antonio Spurs,76.64,0.00,7.28,-0.00,1000,15002,2025-03-05T01:40:00Z,2025-03-05T01:35:18Z,2025-10-09T03:18:30.474602,-76.64
Trendon Watford,2861,player_assists,0.33,0.64,0.48,0.52,120,-154,2.50,Brooklyn Nets,4,San Antonio Spurs,47.26,0.00,2.68,-0.00,1000,15002,2025-03-05T01:40:00Z,2025-03-05T01:35:18Z,2025-10-09T03:18:30.502783,56.72
Day'Ron Sharpe,2848,player_assists,0.33,0.64,0.48,0.52,124,-160,2.50,Brooklyn Nets,4,San Antonio Spurs,61.23,0.00,4.65,-0.00,1000,15002,2025-03-05T01:40:00Z,2025-03-05T01:35:18Z,2025-10-09T03:18:30.507322,-61.23
Julian Champagnie,3425,player_assists,0.37,0.61,0.48,0.51,150,-195,1.50,San Antonio Spurs,31,Brooklyn Nets,140.43,0.00,29.58,-0.00,1000,15002,2025-03-05T01:40:00Z,2025-03-05T01:35:18Z,2025-10-09T03:18:30.511771,210.65
Keldon Johnson,1872,player_points,0.51,0.57,0.50,0.50,100,-130,13.50,San Antonio Spurs,31,Brooklyn Nets,0.77,0.00,0.00,-0.00,1000,15002,2025-03-05T01:40:00Z,2025-03-05T01:35:18Z,2025-10-09T03:18:30.542749,0.77
Jeremy Sochan,3490,player_points,0.51,0.55,0.50,0.50,110,-140,10.50,San Antonio Spurs,31,Brooklyn Nets,46.19,0.00,2.35,-0.00,1000,15002,2025-03-05T01:40:00Z,2025-03-05T01:35:18Z,2025-10-09T03:18:30.558581,-46.19
Ziaire Williams,2864,player_points,0.43,0.57,0.50,0.50,105,-135,9.50,Brooklyn Nets,4,San Antonio Spurs,18.51,0.00,0.36,-0.00,1000,15002,2025-03-05T01:40:00Z,2025-03-05T01:35:18Z,2025-10-09T03:18:30.563888,-18.51
Chris Paul,415,player_points,0.43,0.55,0.50,0.50,105,-135,8.50,San Antonio Spurs,31,Brooklyn Nets,18.51,0.00,0.36,-0.00,1000,15002,2025-03-05T01:40:00Z,2025-03-05T01:35:18Z,2025-10-09T03:18:30.578931,19.44
Stephon Castle,4169,player_points_assists,0.56,0.45,0.50,0.50,-140,110,19.50,San Antonio Spurs,31,Brooklyn Nets,0.00,41.68,-0.00,1.91,1000,15002,2025-03-05T01:40:00Z,2025-03-05T01:35:18Z,2025-10-09T03:18:30.604403,-41.68
D'Angelo Russell,462,player_points_assists,0.44,0.54,0.50,0.50,110,-140,17.50,Brooklyn Nets,4,San Antonio Spurs,41.61,0.00,1.90,-0.00,1000,15002,2025-03-05T01:40:00Z,2025-03-05T01:35:18Z,2025-10-09T03:18:30.612987,-41.61
D'Angelo Russell,462,player_points_rebounds,0.44,0.49,0.50,0.50,105,-135,14.50,Brooklyn Nets,4,San Antonio Spurs,21.95,0.00,0.51,-0.00,1000,15002,2025-03-05T01:40:00Z,2025-03-05T01:35:18Z,2025-10-09T03:18:30.677297,-21.95
Ziaire Williams,2864,player_points_rebounds_assists,0.00,0.56,0.50,0.50,114,-145,16.50,Brooklyn Nets,4,San Antonio Spurs,62.04,0.00,4.39,-0.00,1000,15002,2025-03-05T01:40:00Z,2025-03-05T01:35:18Z,2025-10-09T03:18:30.746427,-62.04
Ziaire Williams,2864,player_rebounds,0.33,1.00,0.48,0.56,130,-166,5.50,Brooklyn Nets,4,San Antonio Spurs,78.21,0.00,7.95,-0.00,1000,15002,2025-03-05T01:40:00Z,2025-03-05T01:34:13Z,2025-10-09T03:18:30.759056,-78.21
De'Aaron Fox,776,player_rebounds,0.33,0.69,0.48,0.52,110,-140,4.50,San Antonio Spurs,31,Brooklyn Nets,5.34,0.00,0.03,-0.00,1000,15002,2025-03-05T01:40:00Z,2025-03-05T01:34:13Z,2025-10-09T03:18:30.771777,-5.34
Chris Paul,415,player_rebounds,0.36,0.69,0.48,0.52,120,-154,3.50,San Antonio Spurs,31,Brooklyn Nets,50.54,0.00,3.06,-0.00,1000,15002,2025-03-05T01:40:00Z,2025-03-05T01:34:13Z,2025-10-09T03:18:30.789142,-50.54
Cam Thomas,2855,player_rebounds,0.56,0.00,0.51,0.44,-180,140,2.50,Brooklyn Nets,4,San Antonio Spurs,0.00,34.80,-0.00,1.70,1000,15002,2025-03-05T01:40:00Z,2025-03-05T01:34:13Z,2025-10-09T03:18:30.793270,48.71
De'Aaron Fox,776,player_threes,0.22,0.71,0.45,0.54,140,-180,2.50,San Antonio Spurs,31,Brooklyn Nets,64.11,0.00,5.75,-0.00,1000,15002,2025-03-05T01:40:00Z,2025-03-05T01:30:45Z,2025-10-09T03:18:30.806398,-64.11
Devin Vassell,2661,player_threes,0.34,0.71,0.47,0.54,150,-195,2.50,San Antonio Spurs,31,Brooklyn Nets,122.29,0.00,22.43,-0.00,1000,15002,2025-03-05T01:40:00Z,2025-03-05T01:30:45Z,2025-10-09T03:18:30.810510,183.44
Cam Thomas,2855,player_threes,0.22,0.85,0.45,0.56,160,-210,2.50,Brooklyn Nets,4,San Antonio Spurs,112.86,0.00,20.38,-0.00,1000,15002,2025-03-05T01:40:00Z,2025-03-05T01:30:45Z,2025-10-09T03:18:30.814942,180.57
D'Angelo Russell,462,player_threes,0.67,0.40,0.53,0.48,-166,130,1.50,Brooklyn Nets,4,San Antonio Spurs,0.00,85.18,-0.00,9.43,1000,15002,2025-03-05T01:40:00Z,2025-03-05T01:30:45Z,2025-10-09T03:18:30.819976,-85.18
Day'Ron Sharpe,2848,player_threes,0.07,0.94,0.43,0.57,310,-445,0.50,Brooklyn Nets,4,San Antonio Spurs,244.44,0.00,185.23,-0.00,1000,15002,2025-03-05T01:40:00Z,2025-03-05T01:30:45Z,2025-10-09T03:18:30.846706,-244.44
Draymond Green,204,player_assists,0.60,0.32,0.51,0.48,-140,110,5.50,Golden State Warriors,11,New York Knicks,0.00,5.86,-0.00,0.04,1000,14999,2025-03-05T00:40:00Z,2025-03-05T00:34:28Z,2025-10-09T03:18:30.855874,-5.86
Jimmy Butler,86,player_assists,0.41,0.59,0.49,0.51,105,-135,5.50,Golden State Warriors,11,New York Knicks,2.05,0.00,0.00,-0.00,1000,14999,2025-03-05T00:40:00Z,2025-03-05T00:34:28Z,2025-10-09T03:18:30.870312,-2.05
Brandin Podziemski,3975,player_assists,0.60,0.32,0.51,0.48,-140,110,3.50,Golden State Warriors,11,New York Knicks,0.00,5.86,-0.00,0.04,1000,14999,2025-03-05T00:40:00Z,2025-03-05T00:34:28Z,2025-10-09T03:18:30.874386,-5.86
Mikal Bridges,940,player_assists,0.41,0.59,0.49,0.51,110,-140,3.50,New York Knicks,24,Golden State Warriors,24.17,0.00,0.64,-0.00,1000,14999,2025-03-05T00:40:00Z,2025-03-05T00:34:28Z,2025-10-09T03:18:30.878452,26.59
Buddy Hield,236,player_assists,0.67,0.32,0.52,0.48,-154,120,1.50,Golden State Warriors,11,New York Knicks,0.00,45.31,-0.00,2.46,1000,14999,2025-03-05T00:40:00Z,2025-03-05T00:34:28Z,2025-10-09T03:18:30.882946,54.38
Miles McBride,2832,player_assists,0.60,0.38,0.51,0.49,-145,114,1.50,New York Knicks,24,Golden State Warriors,0.00,33.82,-0.00,1.30,1000,14999,2025-03-05T00:40:00Z,2025-03-05T00:34:28Z,2025-10-09T03:18:30.887225,-33.82
Jimmy Butler,86,player_points,0.51,0.57,0.50,0.50,100,-130,17.50,Golden State Warriors,11,New York Knicks,0.77,0.00,0.00,-0.00,1000,14999,2025-03-05T00:40:00Z,2025-03-05T00:34:28Z,2025-10-09T03:18:30.900044,0.77
Precious Achiuwa,2561,player_points,0.51,0.55,0.50,0.50,105,-135,8.50,New York Knicks,24,Golden State Warriors,24.56,0.00,0.63,-0.00,1000,14999,2025-03-05T00:40:00Z,2025-03-05T00:34:28Z,2025-10-09T03:18:30.933374,-24.56
Gui Santos,3485,player_points,0.51,0.48,0.50,0.50,-140,110,4.50,Golden State Warriors,11,New York Knicks,0.00,44.13,-0.00,2.14,1000,14999,2025-03-05T00:40:00Z,2025-03-05T00:34:28Z,2025-10-09T03:18:30.941549,-44.13
Mitchell Robinson,1020,player_points_rebounds_assists,0.00,0.56,0.50,0.50,100,-130,11.50,New York Knicks,24,Golden State Warriors,0.67,0.00,0.00,-0.00,1000,14999,2025-03-05T00:40:00Z,2025-03-05T00:34:28Z,2025-10-09T03:18:31.098885,0.67
Kevon Looney,322,player_rebounds,0.33,1.00,0.48,0.56,110,-140,5.50,Golden State Warriors,11,New York Knicks,5.34,0.00,0.03,-0.00,1000,14999,2025-03-05T00:40:00Z,2025-03-05T00:34:28Z,2025-10-09T03:18:31.130564,-5.34
Mikal Bridges,940,player_rebounds,0.41,0.67,0.49,0.52,114,-145,3.50,New York Knicks,24,Golden State Warriors,41.07,0.00,1.92,-0.00,1000,14999,2025-03-05T00:40:00Z,2025-03-05T00:34:28Z,2025-10-09T03:18:31.147900,46.82
Moses Moody,2836,player_rebounds,0.36,1.00,0.48,0.56,114,-145,3.50,Golden State Warriors,11,New York Knicks,27.82,0.00,0.88,-0.00,1000,14999,2025-03-05T00:40:00Z,2025-03-05T00:34:28Z,2025-10-09T03:18:31.152334,31.72
Buddy Hield,236,player_threes,0.22,0.94,0.45,0.57,135,-175,2.50,Golden State Warriors,11,New York Knicks,49.67,0.00,3.33,-0.00,1000,14999,2025-03-05T00:40:00Z,2025-03-05T00:34:28Z,2025-10-09T03:18:31.174369,67.06
Mikal Bridges,940,player_threes,0.72,0.40,0.54,0.48,-154,120,1.50,New York Knicks,24,Golden State Warriors,0.00,52.04,-0.00,3.25,1000,14999,2025-03-05T00:40:00Z,2025-03-05T00:34:28Z,2025-10-09T03:18:31.178541,62.45
Moses Moody,2836,player_threes,0.67,0.40,0.53,0.48,-154,120,1.50,Golden State Warriors,11,New York Knicks,0.00,52.04,-0.00,3.25,1000,14999,2025-03-05T00:40:00Z,2025-03-05T00:34:28Z,2025-10-09T03:18:31.182617,62.45
Josh Hart,791,player_threes,0.65,0.40,0.53,0.48,-180,140,0.50,New York Knicks,24,Golden State Warriors,0.00,113.60,-0.00,18.07,1000,14999,2025-03-05T00:40:00Z,2025-03-05T00:34:28Z,2025-10-09T03:18:31.195781,159.03
Draymond Green,204,player_threes,0.60,0.40,0.52,0.48,-154,120,0.50,Golden State Warriors,11,New York Knicks,0.00,52.04,-0.00,3.25,1000,14999,2025-03-05T00:40:00Z,2025-03-05T00:34:28Z,2025-10-09T03:18:31.200390,62.45
Bam Adebayo,724,player_assists,0.41,0.59,0.49,0.51,114,-145,4.50,Miami Heat,20,Washington Wizards,40.48,0.00,1.87,-0.00,1000,14991,2025-03-04T00:40:00Z,2025-03-04T00:35:18Z,2025-10-09T03:18:31.217956,46.15
Khris Middleton,361,player_assists,0.41,0.59,0.49,0.51,114,-145,4.50,Washington Wizards,41,Miami Heat,40.48,0.00,1.87,-0.00,1000,14991,2025-03-04T00:40:00Z,2025-03-04T00:35:18Z,2025-10-09T03:18:31.222725,-40.48
Duncan Robinson,1018,player_assists,0.41,0.59,0.49,0.51,130,-166,3.50,Miami Heat,20,Washington Wizards,95.66,0.00,11.90,-0.00,1000,14991,2025-03-04T00:40:00Z,2025-03-04T00:35:18Z,2025-10-09T03:18:31.235749,-95.66
Marcus Smart,486,player_assists,0.50,0.45,0.50,0.49,-160,124,2.50,Washington Wizards,41,Miami Heat,0.00,86.46,-0.00,9.27,1000,14991,2025-03-04T00:40:00Z,2025-03-04T00:35:18Z,2025-10-09T03:18:31.240078,107.21
Alex Sarr,4184,player_assists,0.36,0.61,0.48,0.51,145,-188,2.50,Washington Wizards,41,Miami Heat,126.68,0.00,23.27,-0.00,1000,14991,2025-03-04T00:40:00Z,2025-03-04T00:35:18Z,2025-10-09T03:18:31.244323,183.68
Richaun Holmes,246,player_assists,0.33,0.64,0.48,0.52,124,-160,1.50,Washington Wizards,41,Miami Heat,61.23,0.00,4.65,-0.00,1000,14991,2025-03-04T00:40:00Z,2025-03-04T00:35:18Z,2025-10-09T03:18:31.248459,75.93
Kyshawn George,4183,player_rebounds,0.33,0.62,0.48,0.52,114,-145,5.50,Washington Wizards,41,Miami Heat,21.96,0.00,0.55,-0.00,1000,14991,2025-03-04T00:40:00Z,2025-03-04T00:35:18Z,2025-10-09T03:18:31.440757,25.03
Bilal Coulibaly,4036,player_rebounds,0.36,0.62,0.48,0.52,124,-160,5.50,Washington Wizards,41,Miami Heat,64.46,0.00,5.15,-0.00,1000,14991,2025-03-04T00:40:00Z,2025-03-04T00:35:18Z,2025-10-09T03:18:31.446703,-64.46
Khris Middleton,361,player_rebounds,0.33,1.00,0.48,0.56,110,-140,4.50,Washington Wizards,41,Miami Heat,5.34,0.00,0.03,-0.00,1000,14991,2025-03-04T00:40:00Z,2025-03-04T00:35:18Z,2025-10-09T03:18:31.454954,-5.34
Alec Burks,84,player_rebounds,0.69,0.33,0.52,0.48,-160,124,3.50,Miami Heat,20,Washington Wizards,0.00,58.82,-0.00,4.29,1000,14991,2025-03-04T00:40:00Z,2025-03-04T00:35:18Z,2025-10-09T03:18:31.459523,72.93
Duncan Robinson,1018,player_rebounds,0.36,1.00,0.48,0.56,114,-145,3.50,Miami Heat,20,Washington Wizards,27.82,0.00,0.88,-0.00,1000,14991,2025-03-04T00:40:00Z,2025-03-04T00:35:18Z,2025-10-09T03:18:31.464248,-27.82
Corey Kispert,2825,player_rebounds,0.41,1.00,0.49,0.56,124,-160,3.50,Washington Wizards,41,Miami Heat,77.21,0.00,7.39,-0.00,1000,14991,2025-03-04T00:40:00Z,2025-03-04T00:35:18Z,2025-10-09T03:18:31.468641,-77.21
Marcus Smart,486,player_rebounds,0.33,1.00,0.48,0.56,135,-175,2.50,Washington Wizards,41,Miami Heat,93.05,0.00,11.69,-0.00,1000,14991,2025-03-04T00:40:00Z,2025-03-04T00:35:18Z,2025-10-09T03:18:31.472869,-93.05
Duncan Robinson,1018,player_threes,0.65,0.40,0.53,0.48,-175,135,2.50,Miami Heat,20,Washington Wizards,0.00,99.92,-0.00,13.48,1000,14991,2025-03-04T00:40:00Z,2025-03-04T00:35:18Z,2025-10-09T03:18:31.481409,-99.92
Alec Burks,84,player_threes,0.34,0.94,0.47,0.57,100,-130,2.50,Miami Heat,20,Washington Wizards,0.00,17.79,-0.00,0.24,1000,14991,2025-03-04T00:40:00Z,2025-03-04T00:35:18Z,2025-10-09T03:18:31.485679,-17.79
Corey Kispert,2825,player_threes,0.60,0.40,0.52,0.48,-175,135,1.50,Washington Wizards,41,Miami Heat,0.00,99.92,-0.00,13.48,1000,14991,2025-03-04T00:40:00Z,2025-03-04T00:35:18Z,2025-10-09T03:18:31.489873,134.89
Kyshawn George,4183,player_threes,0.60,0.40,0.52,0.48,-154,120,1.50,Washington Wizards,41,Miami Heat,0.00,52.04,-0.00,3.25,1000,14991,2025-03-04T00:40:00Z,2025-03-04T00:35:18Z,2025-10-09T03:18:31.494094,-52.04
Khris Middleton,361,player_threes,0.16,0.94,0.44,0.57,100,-130,1.50,Washington Wizards,41,Miami Heat,0.00,17.79,-0.00,0.24,1000,14991,2025-03-04T00:40:00Z,2025-03-04T00:35:18Z,2025-10-09T03:18:31.502418,13.69
Bilal Coulibaly,4036,player_threes,0.16,0.94,0.44,0.57,130,-166,1.50,Washington Wizards,41,Miami Heat,15.30,0.00,0.30,-0.00,1000,14991,2025-03-04T00:40:00Z,2025-03-04T00:35:18Z,2025-10-09T03:18:31.515055,-15.30
Shai Gilgeous-Alexander,972,player_assists,0.67,0.32,0.52,0.48,-154,120,5.50,Oklahoma City Thunder,25,Houston Rockets,0.00,45.31,-0.00,2.46,1000,14993,2025-03-04T01:10:00Z,2025-03-04T01:02:52Z,2025-10-09T03:18:31.519247,-45.31
Jalen Williams,3504,player_assists,0.41,0.59,0.49,0.51,120,-154,5.50,Oklahoma City Thunder,25,Houston Rockets,62.90,0.00,4.75,-0.00,1000,14993,2025-03-04T01:10:00Z,2025-03-04T01:02:52Z,2025-10-09T03:18:31.524002,-62.90
Isaiah Hartenstein,978,player_assists,0.41,0.59,0.49,0.51,110,-140,3.50,Oklahoma City Thunder,25,Houston Rockets,24.17,0.00,0.64,-0.00,1000,14993,2025-03-04T01:10:00Z,2025-03-04T01:02:52Z,2025-10-09T03:18:31.536905,26.59
Jeff Green,207,player_points,0.51,0.57,0.50,0.50,100,-130,8.50,Houston Rockets,14,Oklahoma City Thunder,0.77,0.00,0.00,-0.00,1000,14993,2025-03-04T01:10:00Z,2025-03-04T01:05:08Z,2025-10-09T03:18:31.595689,-0.77
Jalen Williams,3504,player_rebounds,1.00,0.44,0.56,0.49,-140,110,4.50,Oklahoma City Thunder,25,Houston Rockets,0.00,30.25,-0.00,1.01,1000,14993,2025-03-04T01:10:00Z,2025-03-04T01:02:52Z,2025-10-09T03:18:31.706174,33.27
Shai Gilgeous-Alexander,972,player_rebounds,1.00,0.33,0.56,0.48,-140,110,4.50,Oklahoma City Thunder,25,Houston Rockets,0.00,5.34,-0.00,0.03,1000,14993,2025-03-04T01:10:00Z,2025-03-04T01:02:52Z,2025-10-09T03:18:31.712138,-5.34
Luguentz Dort,2040,player_rebounds,0.41,0.69,0.49,0.52,105,-135,3.50,Oklahoma City Thunder,25,Houston Rockets,2.66,0.00,0.01,-0.00,1000,14993,2025-03-04T01:10:00Z,2025-03-04T01:02:52Z,2025-10-09T03:18:31.730008,-2.66
Jalen Green,2810,player_threes,0.22,0.71,0.45,0.54,124,-160,3.50,Houston Rockets,14,Oklahoma City Thunder,13.80,0.00,0.24,-0.00,1000,14993,2025-03-04T01:10:00Z,2025-03-04T01:05:08Z,2025-10-09T03:18:31.734364,-13.80
Luguentz Dort,2040,player_threes,0.65,0.40,0.53,0.48,-175,135,1.50,Oklahoma City Thunder,25,Houston Rockets,0.00,99.92,-0.00,13.48,1000,14993,2025-03-04T01:10:00Z,2025-03-04T01:05:08Z,2025-10-09T03:18:31.748980,-99.92
Shai Gilgeous-Alexander,972,player_threes,0.65,0.40,0.53,0.48,-160,124,1.50,Oklahoma City Thunder,25,Houston Rockets,0.00,65.94,-0.00,5.39,1000,14993,2025-03-04T01:10:00Z,2025-03-04T01:05:08Z,2025-10-09T03:18:31.753191,-65.94
Alex Caruso,631,player_threes,0.16,0.94,0.44,0.57,135,-175,1.50,Oklahoma City Thunder,25,Houston Rockets,31.15,0.00,1.31,-0.00,1000,14993,2025-03-04T01:10:00Z,2025-03-04T01:05:08Z,2025-10-09T03:18:31.770107,-31.15
Cason Wallace,4009,player_threes,0.22,0.71,0.45,0.54,150,-195,1.50,Oklahoma City Thunder,25,Houston Rockets,90.11,0.00,12.18,-0.00,1000,14993,2025-03-04T01:10:00Z,2025-03-04T01:05:08Z,2025-10-09T03:18:31.774302,135.17
Devin Booker,64,player_assists,0.41,0.59,0.49,0.51,120,-154,7.50,Phoenix Suns,28,Denver Nuggets,62.90,0.00,4.75,-0.00,1000,15023,2025-03-08T03:10:00Z,2025-03-08T03:05:50Z,2025-10-09T03:18:31.782945,-62.90
Bradley Beal,45,player_assists,0.67,0.32,0.52,0.48,-160,124,3.50,Phoenix Suns,28,Denver Nuggets,0.00,59.31,-0.00,4.36,1000,15023,2025-03-08T03:10:00Z,2025-03-08T03:05:50Z,2025-10-09T03:18:31.800053,-59.31
Aaron Gordon,195,player_assists,0.41,0.59,0.49,0.51,130,-166,3.50,Denver Nuggets,9,Phoenix Suns,95.66,0.00,11.90,-0.00,1000,15023,2025-03-08T03:10:00Z,2025-03-08T03:05:50Z,2025-10-09T03:18:31.804345,-95.66
Nick Richards,2639,player_rebounds,0.33,1.00,0.48,0.56,110,-140,8.50,Phoenix Suns,28,Denver Nuggets,5.34,0.00,0.03,-0.00,1000,15023,2025-03-08T03:10:00Z,2025-03-08T03:05:50Z,2025-10-09T03:18:32.000144,-5.34
Christian Braun,3420,player_rebounds,0.33,0.53,0.48,0.50,124,-160,5.50,Denver Nuggets,9,Phoenix Suns,58.82,0.00,4.29,-0.00,1000,15023,2025-03-08T03:10:00Z,2025-03-08T03:05:50Z,2025-10-09T03:18:32.013026,-58.82
Royce O'Neale,851,player_rebounds,0.36,1.00,0.48,0.56,110,-140,3.50,Phoenix Suns,28,Denver Nuggets,11.30,0.00,0.14,-0.00,1000,15023,2025-03-08T03:10:00Z,2025-03-08T03:05:50Z,2025-10-09T03:18:32.033953,-11.30
Jamal Murray,383,player_rebounds,0.36,1.00,0.48,0.56,114,-145,3.50,Denver Nuggets,9,Phoenix Suns,27.82,0.00,0.88,-0.00,1000,15023,2025-03-08T03:10:00Z,2025-03-08T03:05:50Z,2025-10-09T03:18:32.038055,-27.82
Bradley Beal,45,player_rebounds,0.36,0.62,0.48,0.52,135,-175,3.50,Phoenix Suns,28,Denver Nuggets,98.49,0.00,13.10,-0.00,1000,15023,2025-03-08T03:10:00Z,2025-03-08T03:05:50Z,2025-10-09T03:18:32.042092,-98.49
Grayson Allen,926,player_rebounds,0.41,1.00,0.49,0.56,135,-175,2.50,Phoenix Suns,28,Denver Nuggets,110.77,0.00,16.57,-0.00,1000,15023,2025-03-08T03:10:00Z,2025-03-08T03:05:50Z,2025-10-09T03:18:32.046218,-110.77
Jamal Murray,383,player_threes,0.60,0.45,0.52,0.49,-145,114,2.50,Denver Nuggets,9,Phoenix Suns,0.00,44.71,-0.00,2.28,1000,15023,2025-03-08T03:10:00Z,2025-03-08T03:05:47Z,2025-10-09T03:18:32.050537,50.97
Royce O'Neale,851,player_threes,0.60,0.40,0.52,0.48,-154,120,1.50,Phoenix Suns,28,Denver Nuggets,0.00,52.04,-0.00,3.25,1000,15023,2025-03-08T03:10:00Z,2025-03-08T03:05:47Z,2025-10-09T03:18:32.063074,-52.04
Grayson Allen,926,player_threes,0.60,0.40,0.52,0.48,-140,110,1.50,Phoenix Suns,28,Denver Nuggets,0.00,12.87,-0.00,0.18,1000,15023,2025-03-08T03:10:00Z,2025-03-08T03:05:47Z,2025-10-09T03:18:32.067282,-12.87
Bol Bol,1849,player_threes,0.16,0.94,0.44,0.57,150,-195,1.50,Phoenix Suns,28,Denver Nuggets,72.38,0.00,7.86,-0.00,1000,15023,2025-03-08T03:10:00Z,2025-03-08T03:05:47Z,2025-10-09T03:18:32.079725,-72.38
Russell Westbrook,544,player_threes,0.22,0.94,0.45,0.57,154,-200,1.50,Denver Nuggets,9,Phoenix Suns,99.56,0.00,15.27,-0.00,1000,15023,2025-03-08T03:10:00Z,2025-03-08T03:05:47Z,2025-10-09T03:18:32.083869,-99.56
Aaron Gordon,195,player_threes,0.22,0.71,0.45,0.54,175,-230,1.50,Denver Nuggets,9,Phoenix Suns,142.10,0.00,35.34,-0.00,1000,15023,2025-03-08T03:10:00Z,2025-03-08T03:05:47Z,2025-10-09T03:18:32.088102,248.68
Christian Braun,3420,player_threes,0.22,0.94,0.45,0.57,175,-230,1.50,Denver Nuggets,9,Phoenix Suns,142.10,0.00,35.34,-0.00,1000,15023,2025-03-08T03:10:00Z,2025-03-08T03:05:47Z,2025-10-09T03:18:32.092462,248.68
Tyrese Maxey,2619,player_assists,0.41,0.59,0.49,0.51,105,-135,6.50,Philadelphia 76ers,27,Portland Trail Blazers,2.05,0.00,0.00,-0.00,1000,14990,2025-03-04T00:10:00Z,2025-03-04T00:05:19Z,2025-10-09T03:18:32.101371,-2.05
Scoot Henderson,3408,player_assists,0.41,0.59,0.49,0.51,124,-160,5.50,Portland Trail Blazers,29,Philadelphia 76ers,76.64,0.00,7.28,-0.00,1000,14990,2025-03-04T00:10:00Z,2025-03-04T00:05:19Z,2025-10-09T03:18:32.105594,95.03
Anfernee Simons,1023,player_assists,0.41,0.59,0.49,0.51,130,-166,5.50,Portland Trail Blazers,29,Philadelphia 76ers,95.66,0.00,11.90,-0.00,1000,14990,2025-03-04T00:10:00Z,2025-03-04T00:05:19Z,2025-10-09T03:18:32.109986,-95.66
Deni Avdija,2564,player_assists,0.41,0.59,0.49,0.51,105,-135,4.50,Portland Trail Blazers,29,Philadelphia 76ers,2.05,0.00,0.00,-0.00,1000,14990,2025-03-04T00:10:00Z,2025-03-04T00:05:19Z,2025-10-09T03:18:32.122521,-2.05
Toumani Camara,4015,player_assists,0.36,0.64,0.48,0.52,114,-145,2.50,Portland Trail Blazers,29,Philadelphia 76ers,29.75,0.00,1.01,-0.00,1000,14990,2025-03-04T00:10:00Z,2025-03-04T00:05:19Z,2025-10-09T03:18:32.139577,-29.75
Dalano Banton,2788,player_assists,0.60,0.32,0.51,0.48,-160,124,1.50,Portland Trail Blazers,29,Philadelphia 76ers,0.00,59.31,-0.00,4.36,1000,14990,2025-03-04T00:10:00Z,2025-03-04T00:05:19Z,2025-10-09T03:18:32.143787,73.55
Scoot Henderson,3408,player_points,1.00,0.50,0.52,0.50,-105,-125,13.50,Portland Trail Blazers,29,Philadelphia 76ers,14.81,0.00,0.21,-0.00,1000,14990,2025-03-04T00:10:00Z,2025-03-04T00:05:19Z,2025-10-09T03:18:32.169515,-14.81
Dalano Banton,2788,player_points_rebounds_assists,0.41,0.56,0.50,0.50,100,-130,12.50,Portland Trail Blazers,29,Philadelphia 76ers,0.12,0.00,0.00,-0.00,1000,14990,2025-03-04T00:10:00Z,2025-03-04T00:05:19Z,2025-10-09T03:18:32.324600,-0.12
Andre Drummond,147,player_rebounds,0.33,1.00,0.48,0.56,110,-140,10.50,Philadelphia 76ers,27,Portland Trail Blazers,5.34,0.00,0.03,-0.00,1000,14990,2025-03-04T00:10:00Z,2025-03-04T00:05:19Z,2025-10-09T03:18:32.328725,5.87
Toumani Camara,4015,player_rebounds,0.33,1.00,0.48,0.56,120,-154,6.50,Portland Trail Blazers,29,Philadelphia 76ers,44.81,0.00,2.41,-0.00,1000,14990,2025-03-04T00:10:00Z,2025-03-04T00:05:19Z,2025-10-09T03:18:32.346674,53.77
Tyrese Maxey,2619,player_rebounds,0.36,1.00,0.48,0.56,114,-145,3.50,Philadelphia 76ers,27,Portland Trail Blazers,27.82,0.00,0.88,-0.00,1000,14990,2025-03-04T00:10:00Z,2025-03-04T00:05:19Z,2025-10-09T03:18:32.359400,-27.82
Dalano Banton,2788,player_rebounds,0.36,1.00,0.48,0.56,110,-140,2.50,Portland Trail Blazers,29,Philadelphia 76ers,11.30,0.00,0.14,-0.00,1000,14990,2025-03-04T00:10:00Z,2025-03-04T00:05:19Z,2025-10-09T03:18:32.373154,-11.30
Tyrese Maxey,2619,player_threes,0.60,0.40,0.52,0.48,-154,120,2.50,Philadelphia 76ers,27,Portland Trail Blazers,0.00,52.04,-0.00,3.25,1000,14990,2025-03-04T00:10:00Z,2025-03-04T00:05:19Z,2025-10-09T03:18:32.382142,62.45
Scoot Henderson,3408,player_threes,0.60,0.40,0.52,0.48,-160,124,1.50,Portland Trail Blazers,29,Philadelphia 76ers,0.00,65.94,-0.00,5.39,1000,14990,2025-03-04T00:10:00Z,2025-03-04T00:05:19Z,2025-10-09T03:18:32.395854,81.76
Isaiah Collier,4178,player_assists,0.33,1.00,0.48,0.56,114,-145,8.50,Utah Jazz,40,Detroit Pistons,24.47,0.00,0.68,-0.00,1000,14995,2025-03-04T02:10:00Z,2025-03-04T02:04:50Z,2025-10-09T03:18:32.414397,-24.47
Keyonte George,4029,player_assists,0.67,0.32,0.52,0.48,-154,120,4.50,Utah Jazz,40,Detroit Pistons,0.00,45.31,-0.00,2.46,1000,14995,2025-03-04T02:10:00Z,2025-03-04T02:04:50Z,2025-10-09T03:18:32.419522,54.38
Dennis Schroder,472,player_assists,0.41,0.59,0.49,0.51,110,-140,4.50,Detroit Pistons,10,Utah Jazz,24.17,0.00,0.64,-0.00,1000,14995,2025-03-04T02:10:00Z,2025-03-04T02:04:50Z,2025-10-09T03:18:32.423965,-24.17
Collin Sexton,1021,player_assists,0.41,0.59,0.49,0.51,114,-145,3.50,Utah Jazz,40,Detroit Pistons,40.48,0.00,1.87,-0.00,1000,14995,2025-03-04T02:10:00Z,2025-03-04T02:04:50Z,2025-10-09T03:18:32.429179,-40.48
Ausar Thompson,3971,player_assists,0.41,0.59,0.49,0.51,120,-154,3.50,Detroit Pistons,10,Utah Jazz,62.90,0.00,4.75,-0.00,1000,14995,2025-03-04T02:10:00Z,2025-03-04T02:04:50Z,2025-10-09T03:18:32.433770,75.48
Jalen Duren,3433,player_assists,0.41,0.59,0.49,0.51,130,-166,3.50,Detroit Pistons,10,Utah Jazz,95.66,0.00,11.90,-0.00,1000,14995,2025-03-04T02:10:00Z,2025-03-04T02:04:50Z,2025-10-09T03:18:32.438288,-95.66
Malik Beasley,46,player_assists,0.49,0.45,0.50,0.49,-135,105,1.50,Detroit Pistons,10,Utah Jazz,0.00,12.66,-0.00,0.17,1000,14995,2025-03-04T02:10:00Z,2025-03-04T02:04:50Z,2025-10-09T03:18:32.442721,13.29
Walker Kessler,3457,player_points,1.00,0.49,0.52,0.50,-105,-125,12.50,Utah Jazz,40,Detroit Pistons,14.81,0.00,0.21,-0.00,1000,14995,2025-03-04T02:10:00Z,2025-03-04T02:04:50Z,2025-10-09T03:18:32.474172,14.10
Jalen Duren,3433,player_points,0.51,0.55,0.50,0.50,100,-130,12.50,Detroit Pistons,10,Utah Jazz,0.77,0.00,0.00,-0.00,1000,14995,2025-03-04T02:10:00Z,2025-03-04T02:04:50Z,2025-10-09T03:18:32.478461,0.77
Brice Sensabaugh,4034,player_rebounds,0.33,0.69,0.48,0.52,114,-145,3.50,Utah Jazz,40,Detroit Pistons,21.96,0.00,0.55,-0.00,1000,14995,2025-03-04T02:10:00Z,2025-03-04T02:04:50Z,2025-10-09T03:18:32.705391,-21.96
Malik Beasley,46,player_rebounds,0.69,0.00,0.52,0.44,-175,135,2.50,Detroit Pistons,10,Utah Jazz,0.00,19.90,-0.00,0.53,1000,14995,2025-03-04T02:10:00Z,2025-03-04T02:04:50Z,2025-10-09T03:18:32.710155,26.87
Collin Sexton,1021,player_rebounds,0.36,1.00,0.48,0.56,140,-180,2.50,Utah Jazz,40,Detroit Pistons,112.19,0.00,17.62,-0.00,1000,14995,2025-03-04T02:10:00Z,2025-03-04T02:04:50Z,2025-10-09T03:18:32.714482,-112.19
Dennis Schroder,472,player_rebounds,0.67,0.33,0.52,0.48,-166,130,1.50,Detroit Pistons,10,Utah Jazz,0.00,78.21,-0.00,7.95,1000,14995,2025-03-04T02:10:00Z,2025-03-04T02:04:50Z,2025-10-09T03:18:32.718826,-78.21
Brice Sensabaugh,4034,player_threes,0.22,0.75,0.45,0.54,130,-166,2.50,Utah Jazz,40,Detroit Pistons,34.12,0.00,1.51,-0.00,1000,14995,2025-03-04T02:10:00Z,2025-03-04T02:04:45Z,2025-10-09T03:18:32.736759,-34.12
Isaiah Collier,4178,player_threes,0.65,0.40,0.53,0.48,-188,145,0.50,Utah Jazz,40,Detroit Pistons,0.00,126.33,-0.00,23.14,1000,14995,2025-03-04T02:10:00Z,2025-03-04T02:04:45Z,2025-10-09T03:18:32.749407,183.18
Walker Kessler,3457,player_threes,0.22,0.94,0.45,0.57,700,-1300,0.50,Utah Jazz,40,Detroit Pistons,376.08,0.00,990.03,-0.00,1000,14995,2025-03-04T02:10:00Z,2025-03-04T02:04:45Z,2025-10-09T03:18:32.758317,-376.08
